  3237241, Tritanium 
   799558, Mexallon 
   796598, Autotrophs 
   410146, Scourge Fury Heavy Missile 
   331896, Concentrated Veldspar 
   258600, Isogen 
   242697, Heavy Metals 
   211438, Pyerite 
   179276, Aqueous Liquids 
   153638, Scordite 
   139270, Veldspar 
   128510, Nitrogen Isotopes 
   109303, Antimatter Charge S 
   100439, Scourge Fury Cruise Missile 
    93494, Republic Fleet Phased Plasma S 
    90754, Massive Scordite 
    88089, Caldari Navy Antimatter Charge S 
    80732, Scourge Light Missile 
    79080, Republic Fleet EMP S 
    72360, Condensed Scordite 
    68484, Viscous Pyroxeres 
    65843, Republic Fleet EMP M 
    64036, Null S 
    63284, Azure Plagioclase 
    60819, Barrage M 
    59947, Void S 
    55019, Liquid Ozone 
    53006, Megacyte 
    50437, Solid Pyroxeres 
    49214, EMP S 
    48816, Republic Fleet Phased Plasma M 
    45710, Water 
    44563, Scourge Heavy Missile 
    43584, Barrage S 
    43482, Morphite 
    43358, Caldari Navy Antimatter Charge M 
    42465, Void L 
    41036, Hail M 
    40726, Nocxium 
    38825, Phased Plasma S 
    35247, Caldari Navy Scourge Light Missile 
    34466, Dense Veldspar 
    32724, Republic Fleet Fusion M 
    32116, Base Metals 
    30905, Mjolnir Light Missile 
    28896, Republic Fleet Fusion S 
    27288, Void M 
    27099, Pyroxeres 
    26405, Inferno Light Missile 
    25624, Hail S 
    23637, Antimatter Charge L 
    23417, Heavy Water 
    23346, Thorium Charge S 
    23156, Null M 
    21140, EMP M 
    20734, Iridium Charge M 
    20216, Caldari Navy Nova Light Missile 
    20000, Iridium Charge XL 
    20000, Caldari Navy Iridium Charge S 
    19959, Plagioclase 
    19668, Scourge Heavy Assault Missile 
    18934, Lead Charge L 
    18530, Antimatter Charge M 
    17622, Uranium Charge M 
    17461, Scourge Rage Heavy Assault Missile 
    16366, Nova Light Missile 
    16273, EMP L 
    15777, Iron Charge M 
    15399, Iron Charge S 
    15265, Federation Navy Antimatter Charge S 
    15172, Titanium Sabot M 
    13874, Carbonized Lead S 
    13759, Caldari Navy Scourge Heavy Missile 
    13486, Depleted Uranium S 
    12958, Nova Fury Light Missile 
    12919, Lead Charge S 
    12643, Antimatter Charge XL 
    12526, Nanite Repair Paste 
    12391, Null L 
    12368, Caldari Navy Antimatter Charge L 
    11816, Mjolnir Rocket 
    11625, Spike S 
    11610, Caldari Navy Scourge Rocket 
    11441, Iridium Charge S 
    11382, Caldari Navy Mjolnir Light Missile 
    10983, Caldari Navy Scourge Heavy Assault Missile 
    10831, Mjolnir Fury Cruise Missile 
    10600, Plutonium Charge M 
    10460, Scourge Rage Rocket 
    10451, Caldari Navy Inferno Light Missile 
    10213, Fusion S 
    10177, Nova Fury Cruise Missile 
    10129, Inferno Fury Cruise Missile 
    10094, Carbon Compounds 
    10000, Mjolnir Heavy Assault Missile 
     9790, Scourge Fury Light Missile 
     9487, Javelin S 
     9315, Inferno Heavy Missile 
     9255, Mjolnir Heavy Missile 
     9025, Scourge Rocket 
     8570, Phased Plasma M 
     8460, Bacteria 
     8333, Oxygen Isotopes 
     8202, Republic Fleet Depleted Uranium M 
     8187, Republic Fleet EMP L 
     8084, Plutonium Charge S 
     7040, Toxic Metals 
     7007, Republic Fleet Nuclear M 
     6952, Federation Navy Antimatter Charge M 
     6509, Tremor M 
     6497, Inferno Rocket 
     6360, Tungsten Charge M 
     6142, Tungsten Charge S 
     6077, Scourge Javelin Rocket 
     5904, Mjolnir Rage Rocket 
     5760, Caldari Fuel Block 
     5698, Caldari Navy Mjolnir Rocket 
     5599, Dread Guristas Iron Charge M 
     5536, Caldari Navy Scourge Torpedo 
     5486, Scourge Javelin Heavy Assault Missile 
     5432, Nova Rocket 
     5040, Iridium Charge L 
     5000, Republic Fleet Proton M 
     4721, Quake S 
     4662, Spike M 
     4513, Nova Rage Rocket 
     4476, Caldari Navy Nova Heavy Missile 
     4443, Proton M 
     4349, Fusion M 
     4335, Tremor S 
     4271, Guristas Scourge Light Missile 
     4226, Mjolnir Rage Heavy Assault Missile 
     4181, Mjolnir Fury Light Missile 
     4000, Scourge Precision Cruise Missile 
     3843, Kernite 
     3714, Scourge Cruise Missile 
     3658, Caldari Navy Mjolnir Heavy Assault Missile 
     3522, Nova Heavy Missile 
     3470, Caldari Navy Inferno Heavy Missile 
     3456, Nova Rage Heavy Assault Missile 
     3381, Inferno Rage Heavy Assault Missile 
     3220, Caldari Navy Inferno Heavy Assault Missile 
     3215, Proton S 
     3168, Quake M 
     3091, Javelin M 
     2959, Republic Fleet Titanium Sabot S 
     2781, Nuclear S 
     2638, Depleted Uranium M 
     2611, Caldari Navy Nova Rocket 
     2585, Uranium Charge S 
     2550, Titanium Sabot S 
     2496, Guristas Scourge Rocket 
     2347, Caldari Navy Inferno Rocket 
     2300, Heavy Defender Missile I 
     2262, Caldari Navy Scourge Cruise Missile 
     2260, Charred Micro Circuit 
     2240, Scourge Precision Heavy Missile 
     2234, Nova Auto-Targeting Heavy Missile I 
     2165, Arch Angel EMP S 
     2066, Tripped Power Circuit 
     2065, Fried Interface Circuit 
     2037, Smashed Trigger Unit 
     2000, Caldari Navy Iron Charge M 
     1993, Zydrine 
     1956, Thorium Charge M 
     1815, Burned Logic Circuit 
     1801, Federation Navy Antimatter Charge L 
     1800, Inferno Auto-Targeting Heavy Missile I 
     1701, Thruster Console 
     1619, Nova Auto-Targeting Light Missile I 
     1600, Inferno Javelin Rocket 
     1568, Radiant Hemorphite 
     1500, Mjolnir Torpedo 
     1500, Caldari Navy Iridium Charge M 
     1500, Caldari Navy Tungsten Charge M 
     1455, Inferno Rage Rocket 
     1416, Alloyed Tritanium Bar 
     1297, Scourge Javelin Torpedo 
     1296, Republic Fleet Proton S 
     1252, Caldari Navy Thorium Charge S 
     1200, Nova Cruise Missile 
     1200, Lead Charge M 
     1200, Arch Angel Fusion S 
     1191, Scourge Auto-Targeting Light Missile I 
     1095, Cap Booster 25 
     1018, Inferno Auto-Targeting Light Missile I 
     1000, Caldari Navy Lead Charge S 
     1000, Mjolnir Precision Heavy Missile 
     1000, Scourge Rage Torpedo 
     1000, Arch Angel Nuclear S 
     1000, Guristas Iron Charge S 
     1000, Arch Angel Nuclear M 
     1000, Dread Guristas Iron Charge S 
      998, Federation Navy Iron Charge L 
      976, Caldari Navy Inferno Torpedo 
      949, Luminous Kernite 
      900, Scourge Auto-Targeting Heavy Missile I 
      900, Guristas Antimatter Charge S 
      861, Caldari Navy Iron Charge S 
      851, Dread Guristas Iridium Charge S 
      791, Guristas Nova Light Missile 
      783, Tracking Computer II 
      773, Inferno Fury Light Missile 
      763, Scourge Precision Light Missile 
      720, Federation Navy Thorium Charge S 
      684, Vaccines 
      670, Amber Cytoserocin 
      653, Metal Scraps 
      620, Navy Cap Booster 50 
      600, Inferno Cruise Missile 
      589, Datacore - Mechanical Engineering 
      586, Mjolnir Cruise Missile 
      584, Datacore - Plasma Physics 
      570, Datacore - Hydromagnetic Physics 
      559, Inferno Heavy Assault Missile 
      557, Datacore - Nanite Engineering 
      556, Drone Link Augmentor II 
      545, Datacore - High Energy Physics 
      540, Glazed Hedbergite 
      534, Core Scanner Probe I 
      522, Malfunctioning Shield Emitter 
      512, Republic Fleet Phased Plasma L 
      506, Republic Fleet Fusion L 
      500, Nova Torpedo 
      500, Inferno Torpedo 
      500, Iron Charge L 
      500, Phased Plasma L 
      500, Thorium Charge L 
      497, Arch Angel Proton S 
      496, Sodium Firework 
      459, Contaminated Nanite Compound 
      450, Scourge Torpedo 
      441, Armor Plates 
      436, Smartfab Units 
      434, Mjolnir Auto-Targeting Heavy Missile I 
      412, Cap Booster 100 
      411, Capsule 
      406, Damage Control II 
      402, Cap Booster 50 
      400, Scourge Auto-Targeting Cruise Missile I 
      400, Uranium Charge L 
      400, Depleted Uranium L 
      397, Copper Firework 
      395, Barium Firework 
      385, Mjolnir Auto-Targeting Light Missile I 
      380, Hobgoblin I 
      374, Navy Cap Booster 200 
      369, Republic Fleet Nuclear S 
      360, Domination Carbonized Lead M 
      353, Arch Angel Nuclear L 
      350, Warrior II 
      344, Hobgoblin II 
      343, Limited 1MN Microwarpdrive I 
      300, Plutonium Charge L 
      300, Mjolnir Auto-Targeting Cruise Missile I 
      300, Onyx Ochre 
      280, J5b Phased Prototype Warp Scrambler I 
      264, Damaged Artificial Neural Network 
      246, 200mm AutoCannon II 
      241, Navy Cap Booster 150 
      237, Scorch S 
      236, Navy Cap Booster 400 
      227, Navy Cap Booster 25 
      218, Light Neutron Blaster II 
      213, Scan Resolution Script 
      202, Ballistic Control System II 
      200, Inferno Auto-Targeting Cruise Missile I 
      200, Tungsten Charge L 
      200, Nova Javelin Rocket 
      200, Mjolnir Javelin Rocket 
      200, Snowball 
      200, Nuclear L 
      200, Titanium Sabot L 
      200, Nova Auto-Targeting Cruise Missile I 
      196, Expanded Cargohold II 
      192, Sisters Core Scanner Probe 
      190, Damage Control I 
      187, Nanofiber Internal Structure II 
      184, Magnetic Field Stabilizer II 
      180, Imperial Navy Multifrequency S 
      176, Navy Cap Booster 100 
      176, Gyrostabilizer II 
      174, X5 Prototype Engine Enervator 
      164, Light Missile Launcher I 
      160, Small Anti-EM Screen Reinforcer I 
      159, Upgraded 1MN Microwarpdrive I 
      158, Warp Disruptor II 
      158, Shadow Iridium Charge S 
      157, Limited 'Limos' Light Missile Launcher 
      157, Experimental 10MN Microwarpdrive I 
      154, Small Trimark Armor Pump I 
      154, J5 Prototype Warp Disruptor I 
      153, Navy Cap Booster 800 
      152, Mjolnir Precision Light Missile 
      151, Prototype 100MN Microwarpdrive I 
      148, Warrior I 
      146, Hammerhead II 
      143, Civilian Miner 
      141, Light Missile Launcher II 
      140, Combat Scanner Probe I 
      137, Energized Adaptive Nano Membrane II 
      134, Experimental 100MN Afterburner I 
      133, Light Ion Blaster II 
      132, Small Core Defense Field Extender I 
      132, Electronic Link 
      131, Vespa II 
      130, Medium Core Defense Field Extender I 
      130, Medium Trimark Armor Pump I 
      127, Experimental 1MN Afterburner I 
      127, Small Focused Pulse Laser II 
      118, Large Shield Extender II 
      113, 'Langour' Drive Disruptor I 
      112, 280mm Howitzer Artillery I 
      111, Large F-S9 Regolith Shield Induction 
      111, Rocket Launcher II 
      109, Multifrequency S 
      108, Small Auxiliary Thrusters I 
      107, Salvager I 
      105, Ibis 
      104, Warp Scrambler II 
      104, Hornet EC-300 
      104, Cap Booster 200 
      103, Cap Booster 150 
      103, Power Couplings 
      102, Micro Auxiliary Power Core I 
      102, Ballistic Control System I 
      101, Scorched Telemetry Processor 
      100, Tracking Enhancer II 
      100, Carbonized Lead L 
      100, 650mm Artillery Cannon I 
      100, Carbonized Lead M 
      100, Proton L 
       99, Cynosural Field Generator I 
       98, Dual Light Pulse Laser II 
       98, Sisters Combat Scanner Probe 
       97, Adaptive Invulnerability Field II 
       96, Salvage Drone I 
       94, Hammerhead I 
       94, Experimental TE-2100 Light Missile Launcher 
       93, Sensor Booster II 
       92, Small Hybrid Collision Accelerator I 
       92, Overdrive Injector System II 
       91, Warp Core Stabilizer I 
       91, 220mm Vulcan AutoCannon II 
       90, Small Ancillary Armor Repairer 
       90, 150mm Light AutoCannon I 
       89, Drone Damage Amplifier II 
       89, Guristas Diamond Tag 
       88, Ward Console 
       88, Rapid Light Missile Launcher II 
       87, Rifter 
       85, Small Projectile Burst Aerator I 
       85, Small Ancillary Current Router I 
       84, Adaptive Nano Plating II 
       83, 1MN Afterburner II 
       83, 150mm Light AutoCannon II 
       82, Strontium Clathrates 
       81, Gyrostabilizer I 
       79, Small Anti-Thermal Screen Reinforcer I 
       78, Small Projectile Collision Accelerator I 
       77, Civilian Gatling Railgun 
       77, Light Electron Blaster I 
       77, Valkyrie II 
       77, 425mm Carbide Railgun I 
       77, Drone Epidermal Shielding Chunk 
       76, Small Hybrid Burst Aerator I 
       76, Limited Adaptive Invulnerability Field I 
       76, 250mm Light Artillery Cannon I 
       75, 1MN Microwarpdrive I 
       74, Upgraded 'Malkuth' Light Missile Launcher 
       73, Light Electron Blaster II 
       72, Heat Sink II 
       72, Small Armor Repairer II 
       72, Overdrive Injector System I 
       72, Scorch L 
       71, Magnetic Field Stabilizer I 
       71, Condor 
       71, Electronic Parts 
       71, Drone Synaptic Relay Wiring 
       70, Stasis Webifier II 
       69, Medium Anti-EM Screen Reinforcer I 
       68, Small Polycarbon Engine Housing I 
       68, Targeting Range Script 
       68, Tracking Speed Disruption Script 
       67, 200mm Reinforced Rolled Tungsten Plates I 
       67, Medium Shield Extender I 
       66, Cap Booster 400 
       65, Light Ion Blaster I 
       65, Cap Recharger II 
       64, Small Auxiliary Nano Pump I 
       64, 150mm Railgun II 
       63, 1MN Afterburner I 
       62, 'Arbalest' Cruise Launcher I 
       61, Adaptive Invulnerability Field I 
       61, Drone Damage Amplifier I 
       61, Prototype 'Arbalest' Rapid Light Missile Launcher 
       60, Optimal Range Disruption Script 
       60, Medium Shield Extender II 
       60, Imperial Navy Multifrequency M 
       60, Conflagration L 
       59, Medium Ancillary Shield Booster 
       59, Merlin 
       59, Small Anti-Explosive Pump I 
       59, Medium Azeotropic Ward Salubrity I 
       59, Carbon 
       59, Radio S 
       58, Conflagration S 
       58, Garde II 
       57, Incursus 
       57, Thrasher 
       56, Core Probe Launcher I 
       56, 425mm AutoCannon II 
       56, Small Processor Overclocking Unit I 
       56, Expanded Cargohold I 
       56, 425mm Prototype Gauss Gun 
       54, Prototype Cloaking Device I 
       54, Sensor Booster I 
       54, 425mm 'Scout' Accelerator Cannon 
       54, Glare Crust 
       53, 125mm Gatling AutoCannon II 
       52, 'Arbalest' Rocket Launcher I 
       52, Scorch M 
       52, Nanofiber Internal Structure I 
       52, Cap Booster 800 
       51, Memory Augmentation - Basic 
       50, Slasher 
       50, 425mm Compressed Coil Gun I 
       50, Acolyte I 
       50, Small Targeting System Subcontroller I 
       49, Large Azeotropic Ward Salubrity I 
       49, Neural Boost - Basic 
       49, Large 'Atonement' Remote Shield Booster 
       49, Multifrequency M 
       48, Pure Jaspet 
       48, Prototype 'Arbalest' Torpedo Launcher 
       48, Adaptive Nano Plating I 
       48, Medium Cargohold Optimization I 
       48, Acolyte II 
       48, Caldari Navy Uranium Charge S 
       47, Experimental 10MN Afterburner I 
       47, Tristan 
       46, Fleeting Propulsion Inhibitor I 
       46, Small Low Friction Nozzle Joints I 
       46, Regulated Light Neutron Phase Cannon I 
       46, Hornet II 
       46, Neutron Blaster Cannon II 
       46, Small Capacitor Control Circuit I 
       46, Targeting Range Dampening Script 
       46, Small Focused Pulse Laser I 
       46, Large Murky Remote Shield Booster 
       45, Atron 
       45, Phased Weapon Navigation Array Generation Extron 
       45, 75mm Gatling Rail II 
       45, Infiltrator II 
       44, Emergency Damage Control I 
       44, F85 Peripheral Damage System I 
       44, Limited 1MN Afterburner I 
       44, Conflagration M 
       44, Large Asymmetric Remote Shield Booster 
       43, Caracal 
       43, Ocular Filter - Basic 
       43, 425mm Medium Prototype Automatic Cannon 
       43, Kestrel 
       43, Imperial Navy Ultraviolet S 
       43, Dual Light Pulse Laser I 
       42, Small Bay Loading Accelerator I 
       42, Mobile Tractor Unit 
       42, 1600mm Reinforced Rolled Tungsten Plates I 
       42, Large S95a Remote Shield Booster 
       41, Velator 
       41, Small Capacitor Booster II 
       41, Inertia Stabilizers II 
       41, Interface Circuit 
       41, 200mm AutoCannon I 
       40, Light Neutron Blaster I 
       40, Scan Resolution Dampening Script 
       40, Large C5-L Emergency Shield Overload I 
       40, 'Arbalest' Rapid Heavy Missile Launcher I 
       39, Stasis Webifier I 
       39, Data Analyzer I 
       39, Relic Analyzer I 
       39, Small Gravity Capacitor Upgrade I 
       38, Small F-S9 Regolith Shield Induction 
       38, Large Subordinate Screen Stabilizer I 
       38, Memory Augmentation - Standard 
       38, Vespa EC-600 
       38, OE-5200 Rocket Launcher 
       38, Supplemental Scanning CPU I 
       38, Large Neutron Saturation Injector I 
       37, Punisher 
       37, 1MN Microwarpdrive II 
       37, Neural Boost - Standard 
       37, 'Malkuth' Rocket Launcher I 
       37, Praetor I 
       37, Trigger Unit 
       37, Large Supplemental Barrier Emitter I 
       36, Patterned Stasis Web I 
       36, Ocular Filter - Standard 
       36, Cybernetic Subprocessor - Basic 
       36, Small Energy Locus Coordinator I 
       36, Cybernetic Subprocessor - Standard 
       36, Drone Link Augmentor I 
       36, Medium Subordinate Screen Stabilizer I 
       36, Small 'Knave' Energy Drain 
       36, Small Warhead Calefaction Catalyst I 
       35, Balmer Series Tracking Disruptor I 
       35, Heavy Electron Blaster II 
       35, X-Large C5-L Emergency Shield Overload I 
       35, Small Tractor Beam I 
       35, Large Converse Deflection Catalyzer 
       35, Curator II 
       34, 125mm Gatling AutoCannon I 
       34, Covert Ops Cloaking Device II 
       34, Heavy Assault Missile Launcher II 
       34, Data Sheets 
       34, 200mm Light Prototype Automatic Cannon 
       34, Republic Fleet Titanium Sabot M 
       34, Quest Survey Probe I 
       33, Heron 
       33, Initiated Harmonic Warp Scrambler I 
       33, 5W Infectious Power System Malfunction 
       33, Limited Ocular Filter 
       33, Optimal Range Script 
       33, Alumel-Wired Sensor Augmentation 
       33, DDO Photometry Tracking Disruptor I 
       33, 1600mm Reinforced Steel Plates II 
       33, 125mm Railgun II 
       32, Faint Warp Disruptor I 
       32, Medium F-S9 Regolith Shield Induction 
       32, 250mm Carbide Railgun I 
       32, 200mm Reinforced Steel Plates I 
       32, Hornet I 
       32, 280mm Howitzer Artillery II 
       32, Long-limb Roes 
       32, Prototype 'Arbalest' Heavy Assault Missile Launcher I 
       32, 250mm Light Artillery Cannon II 
       31, 250mm 'Scout' Accelerator Cannon 
       31, Civilian Light Electron Blaster 
       31, Pseudoelectron Containment Field I 
       31, Small Energy Neutralizer II 
       31, 400mm Reinforced Rolled Tungsten Plates I 
       30, Warp Scrambler I 
       30, Small Hydraulic Bay Thrusters I 
       30, Power Diagnostic System II 
       30, Faint Epsilon Warp Scrambler I 
       30, Reaper 
       30, Medium Ancillary Current Router I 
       30, Large Clarity Ward Booster I 
       30, 10MN Afterburner II 
       30, Heavy Missile Launcher II 
       29, Catalyst 
       29, Executioner 
       29, F-90 Positional Sensor Subroutines 
       29, Counterbalanced Weapon Mounts I 
       29, Fourier Transform Tracking Program 
       29, Tracking Speed Script 
       29, YO-5000 Rapid Heavy Missile Launcher 
       29, Small Unstable Power Fluctuator I 
       29, 'Refuge' Adaptive Nano Plating I 
       29, 'Limos' Cruise Launcher I 
       29, Logic Circuit 
       29, Guristas Platinum Tag 
       29, Dual 180mm AutoCannon II 
       28, Warp Disruptor I 
       28, 150mm Railgun I 
       28, Focused Medium Pulse Laser II 
       28, White Glaze 
       28, 'Malkuth' Cruise Launcher I 
       28, XT-9000 Cruise Launcher 
       28, Imperial Navy Multifrequency L 
       27, 'Arbalest' Heavy Missile Launcher 
       27, Limited 'Limos' Rapid Light Missile Launcher 
       27, Strip Miner I 
       27, 'Malkuth' Rapid Heavy Missile Launcher I 
       27, Co-Processor II 
       27, Artificial Neural Network 
       27, 125mm Prototype Gauss Gun 
       27, Experimental SV-2000 Rapid Light Missile Launcher 
       27, Valkyrie I 
       26, Beta Reactor Control: Diagnostic System I 
       26, Medium Unstable Power Fluctuator I 
       26, Venture 
       26, Social Adaptation Chip - Basic 
       26, Medium Capacitor Control Circuit I 
       26, Prototype 'Arbalest' Light Missile Launcher 
       26, Upgraded 'Malkuth' Torpedo Launcher 
       26, Datacore - Rocket Science 
       26, Small Ancillary Shield Booster 
       26, Heavy Pulse Laser II 
       26, Medium Armor Maintenance Bot I 
       26, Navy Cap Booster 75 
       25, Internal Force Field Array I 
       25, Conductive Polymer 
       25, Small Shield Extender I 
       25, 10MN Microwarpdrive II 
       25, Medium Anti-Thermal Screen Reinforcer I 
       25, Small Projectile Ambit Extension I 
       25, Warden II 
       25, Guristas Palladium Tag 
       24, Medium Core Defense Field Purger I 
       24, Small Armor Repairer I 
       24, Beta Hull Mod Overdrive Injector 
       24, Mining Laser Upgrade I 
       24, 'Hypnos' Ion Field ECM I 
       24, Datacore - Minmatar Starship Engineering 
       24, Heavy Neutron Blaster II 
       24, Small Hyperspatial Velocity Optimizer I 
       24, XR-3200 Heavy Missile Bay 
       24, Drone Cerebral Fragment 
       23, Fleeting Progressive Warp Scrambler I 
       23, Bouncer II 
       22, Genolution Core Augmentation CA-2 
       22, Power Diagnostic System I 
       22, 150mm Light 'Scout' Autocannon I 
       22, Experimental ZW-4100 Torpedo Launcher 
       22, Limited Social Adaptation Chip 
       21, Genolution Core Augmentation CA-1 
       21, Civilian Gatling Autocannon 
       21, 720mm Howitzer Artillery II 
       21, Medium Armor Repairer II 
       21, Capacitor Power Relay II 
       21, Radio M 
       21, Single-crystal Superalloy I-beam 
       21, Hydrogen Batteries 
       21, Datacore - Molecular Engineering 
       21, 150mm Light Prototype Automatic Cannon 
       21, Remote Sensor Dampener I 
       21, Local Hull Conversion Nanofiber Structure I 
       21, Linear Flux Stabilizer I 
       21, Drone Tactical Limb 
       20, Small Rocket Fuel Cache Partition I 
       20, Small Shield Extender II 
       20, Nerve Sticks 
       20, Dairy Products 
       20, Fusion L Blueprint 
       20, Heavy Ion Blaster II 
       20, Spiced Wine 
       20, Vitoc 
       19, Beta Reactor Control: Shield Power Relay I 
       19, Infiltrator I 
       19, Small Anti-Kinetic Pump I 
       19, Social Adaptation Chip - Standard 
       19, Tracking Enhancer I 
       19, Stabber 
       19, Rupture 
       19, Mjolnir Fury Heavy Missile Blueprint 
       18, Talwar 
       18, Limited Explosive Deflection Field I 
       18, Photonic CPU Enhancer I 
       18, Small Shield Booster I 
       18, Amarr Shuttle 
       18, Micro Auxiliary Power Core II 
       18, 'Limos' Rocket Launcher I 
       18, Large Ancillary Shield Booster 
       18, Small 'Gremlin' Power Core Disruptor I 
       18, 650mm Artillery Cannon II 
       18, Small Diminishing Power System Drain I 
       18, 10MN Microwarpdrive I 
       18, Dual Modulated Light Energy Beam I 
       18, X-Large Clarity Ward Booster I 
       18, 650mm Medium 'Scout' Artillery I 
       17, Impairor 
       17, Limited 'Anointed' EM Ward Field 
       17, Vexor 
       17, Coercer 
       17, Cormorant 
       17, EM Ward Field II 
       17, Medium Capacitor Booster II 
       17, Small Projectile Locus Coordinator I 
       17, Beta Reactor Control: Capacitor Power Relay I 
       17, 200mm Light 'Scout' Autocannon I 
       17, Large Standard Container 
       17, Drone Coronary Unit 
       16, Corax 
       16, 800mm Reinforced Rolled Tungsten Plates I 
       16, Armor Explosive Hardener II 
       16, 250mm Prototype Gauss Gun 
       16, 150mm 'Scout' Accelerator Cannon 
       16, Miner I 
       16, 425mm Medium 'Scout' Autocannon I 
       16, 'Abandon' Tracking Disruptor I 
       16, Medium Projectile Collision Accelerator I 
       16, Medium Projectile Burst Aerator I 
       16, 'Limos' Rapid Heavy Missile Launcher I 
       16, Tayra 
       16, Anode Ion Particle Cannon I 
       16, Medium Polycarbon Engine Housing I 
       16, Mega Pulse Laser II 
       16, Light Armor Maintenance Bot I 
       16, Modal Mega Neutron Particle Accelerator I 
       16, Iridescent Gneiss 
       15, Small Electrochemical Capacitor Booster I 
       15, Small Rudimentary Energy Destabilizer I 
       15, Small Energy Collision Accelerator I 
       15, 250mm Compressed Coil Gun I 
       15, 150mm Prototype Gauss Gun 
       15, Mining Laser Upgrade II 
       15, Local Hull Conversion Overdrive Injector I 
       15, E5 Prototype Energy Vampire 
       15, 'Hypnos' Signal Distortion Amplifier I 
       15, Medium S95a Remote Shield Booster 
       15, Small Tractor Beam II 
       15, Aurora S 
       15, Medium 'Regard' Remote Capacitor Transmitter 
       15, Giant Sealed Cargo Containers 
       15, 'Malkuth' Heavy Missile Launcher I 
       15, Focused Medium Pulse Laser I 
       15, 1400mm 'Scout' Artillery I 
       15, Large 'Solace' Remote Armor Repairer 
       15, Concussion Bomb 
       14, Microwave M 
       14, Large Capacitor Control Circuit I 
       14, Caldari Shuttle 
       14, Hurricane 
       14, Small Projectile Metastasis Adjuster I 
       14, Magnate 
       14, Prototype Sensor Booster 
       14, Medium Auxiliary Nano Pump I 
       14, Signal Amplifier II 
       14, Small Shield Booster II 
       14, Modal Neutron Particle Accelerator I 
       14, Small Ionic Field Projector I 
       14, Modal Light Neutron Particle Accelerator I 
       14, 250mm Railgun II 
       14, Maller 
       14, 200mm Railgun II 
       14, Limited Neural Boost 
       14, Heavy Modulated Pulse Energy Beam I 
       14, 250mm Railgun I 
       14, Local Hull Conversion Expanded Cargo I 
       14, Shield Power Relay II 
       14, Rocket Launcher I 
       14, Limited 'Limos' Torpedo Launcher 
       13, 75mm Gatling Rail I 
       13, Civilian Gatling Pulse Laser 
       13, Gallente Shuttle 
       13, Iteron Mark V 
       13, Improved Cloaking Device II 
       13, 250mm Light Gallium Cannon 
       13, 125mm Compressed Coil Gun I 
       13, 75mm Prototype Gauss Gun 
       13, Cruise Missile Launcher II 
       13, Ogre II 
       13, 10MN Afterburner I 
       13, Energized Adaptive Nano Membrane I 
       13, Small Azeotropic Ward Salubrity I 
       13, Datacore - Caldari Starship Engineering 
       13, Warp Core Stabilizer II 
       13, 'Hypnos' Multispectral ECM I 
       13, Limited Cybernetic Subprocessor 
       13, Medium Rudimentary Concussion Bomb I 
       13, X-Large Converse Deflection Catalyzer 
       13, Enfeebling Phase Inversion ECM I 
       13, 'Umbra' White Noise ECM 
       12, Small Energy Burst Aerator I 
       12, Limited Kinetic Deflection Field I 
       12, Expanded Probe Launcher I 
       12, Small Asymmetric Remote Capacitor Transmitter 
       12, Shield Boost Amplifier II 
       12, Thermic Dissipation Field II 
       12, Reactive Armor Hardener 
       12, Small Automated Carapace Restoration 
       12, 125mm Railgun I 
       12, Thorax 
       12, Medium Low Friction Nozzle Joints I 
       12, Mark I Modified SS Nanofiber Structure 
       12, Small Memetic Algorithm Bank I 
       12, Cargo Scanner I 
       12, Gatling Pulse Laser II 
       12, Scan Rangefinding Array I 
       12, Maulus 
       12, Kapteyn Sensor Array Inhibitor I 
       12, Cap Recharger I 
       12, Peripheral Weapon Navigation Diameter 
       12, Small Semiconductor Memory Cell I 
       12, Small Hybrid Ambit Extension I 
       12, Focused Afocal Pulse Maser I 
       12, Miner II 
       12, Upgraded Explosive Deflection Amplifier I 
       12, Small 'Atonement' Remote Shield Booster 
       12, Vespa I 
       12, Imperial Navy Ultraviolet L 
       12, Type-D Altered SS Overdrive Injector 
       12, Medium YF-12a Smartbomb 
       12, BZ-5 Neutralizing Spatial Destabilizer ECM 
       12, Medium Trimark Armor Pump II 
       12, Tangled Power Conduit 
       11, Gauss Field Balancer I 
       11, Drake 
       11, Survey Scanner II 
       11, Prototype Energized Adaptive Nano Membrane I 
       11, Limited Memory Augmentation 
       11, 150mm Carbide Railgun I 
       11, Small S95a Remote Shield Booster 
       11, Type-D Altered SS Nanofiber Structure 
       11, Fleeting Warp Disruptor I 
       11, F-392 Baker Nunn Tracking Disruptor I 
       11, Auto-Gain Control Tracking Enhancer I 
       11, Upgraded EM Ward Amplifier I 
       11, Local Hull Conversion Inertial Stabilizers I 
       11, Federation Navy Magnetic Field Stabilizer 
       11, Target Spectrum Breaker Blueprint 
       11, Type-D Attenuation Signal Augmentation 
       11, Anode Light Neutron Particle Cannon I 
       11, Medium Hybrid Collision Accelerator I 
       11, 250mm Light 'Scout' Artillery I 
       11, 'Halcyon' Core Equalizer I 
       11, Datacore - Quantum Physics 
       11, Mining Drone I 
       11, Dual Anode Pulse Particle Stream I 
       11, Imperial Navy Standard M 
       11, Eutectic Capacitor Charge Array 
       11, Rapid Light Missile Launcher I 
       10, Small Clarity Ward Booster I 
       10, Type-D Power Core Modification: Shield Power Relay 
       10, Buzzard 
       10, Retriever 
       10, Medium Clarity Ward Booster I 
       10, Upgraded 'Malkuth' Rapid Light Missile Launcher 
       10, Kinetic Deflection Field II 
       10, Small C5-L Emergency Shield Overload I 
       10, Heat Sink I 
       10, Small 'Accommodation' Vestment Reconstructer I 
       10, Medium Anti-Explosive Pump I 
       10, Medium Nanobot Accelerator I 
       10, Drop 
       10, Sooth Sayer 
       10, Blue Pill 
       10, Federation Navy Hobgoblin 
       10, 250mm Light Prototype Siege Cannon 
       10, Mobile Depot 
       10, Crow 
       10, EM Ward Amplifier II 
       10, Anode Mega Neutron Particle Cannon I 
       10, Inherent Implants 'Squire' Engineering EG-603 
       10, Contaminated Lorentz Fluid 
       10, Omen 
       10, Anode Light Ion Particle Cannon I 
       10, Infrared S 
       10, Brutor Workers 
       10, Pyroxeres Mining Crystal II 
       10, Beta Hull Mod Nanofiber Structure 
       10, Esoteric Symmetry 
       10, 800mm Reinforced Steel Plates II 
       10, Small Nosferatu I 
       10, Marines 
       10, Garde I 
       10, Regulated Neutron Phase Cannon I 
       10, Militants 
       10, Focused Medium Beam Laser I 
       10, Berserker II 
        9, 200mm Reinforced Steel Plates II 
        9, Large Trimark Armor Pump I 
        9, 200mm Reinforced Titanium Plates I 
        9, Medium Ancillary Armor Repairer 
        9, Limited Ocular Filter - Beta 
        9, Small Nosferatu II 
        9, Algos 
        9, Ogre I 
        9, Prototype Energized Armor Layering Membrane I 
        9, XeCl Drilling Beam I 
        9, 400mm Reinforced Steel Plates I 
        9, Magnetic Vortex Stabilizer I 
        9, Remote Sensor Dampener II 
        9, Inertia Stabilizers I 
        9, Broken Drone Transceiver 
        9, Phased Muon Sensor Disruptor I 
        9, Limited Thermic Dissipation Field I 
        9, Corpse 
        9, Aurora M 
        9, Gleam M 
        9, Memory Augmentation - Improved 
        9, EM Ward Amplifier I 
        9, Optical Tracking Computer I 
        9, Small Focused Beam Laser II 
        9, Limited Light Neutron Blaster I 
        9, Fusion M Blueprint 
        9, Datacore - Electromagnetic Physics 
        9, Infrared L 
        9, 200mm Light Gallium Machine Gun 
        9, Survey 
        9, Medium Energy Neutralizer II 
        9, 'Stoic' Core Equalizer I 
        9, Medium C5-L Emergency Shield Overload I 
        9, Experimental XT-2800 Heavy Assault Missile Launcher I 
        9, Dual 150mm Prototype Gauss Gun 
        9, Republic Fleet Bouncer 
        9, Small Focused Anode Pulse Particle Stream I 
        9, Dual 180mm Prototype Automatic Cannon 
        9, Medium 'Arup' Remote Armor Repairer 
        9, Xray S 
        8, Enyo 
        8, Initiated Signal Distortion Amplifier I 
        8, Eifyr and Co. 'Gunslinger' Surgical Strike SS-903 
        8, Large Micro Jump Drive 
        8, Limited Cybernetic Subprocessor - Beta 
        8, Mark I Generator Refitting: Reaction Control 
        8, Standard M 
        8, 'Orion' Tracking CPU I 
        8, Leopard 
        8, Micro Circuit 
        8, 150mm Light Gallium Machine Gun 
        8, Zainou 'Deadeye' Rapid Launch RL-1003 
        8, 200mm Light Carbine Repeating Cannon I 
        8, Ocular Filter - Improved 
        8, Cybernetic Subprocessor - Improved 
        8, Neural Boost - Improved 
        8, Small Anti-Thermic Pump I 
        8, Caldari Navy Hornet 
        8, Tachyon Beam Laser II 
        8, Gleam L 
        8, Dual 650mm Repeating Cannon II 
        8, Imperial Navy Xray L 
        8, 1400mm Prototype Siege Cannon 
        8, Badger 
        8, Medium Auxiliary Nano Pump II 
        8, Gas Cloud Harvester I 
        8, Small Hybrid Metastasis Adjuster I 
        8, Infrared M 
        8, Gamma S 
        8, Heavy Modulated Energy Beam I 
        8, Electron Bomb 
        7, Passive Barrier Compensator I 
        7, Eifyr and Co. 'Gunslinger' Small Projectile Turret SP-603 
        7, Tormentor 
        7, Small Nanobot Accelerator I 
        7, Small I-a Polarized Armor Regenerator 
        7, Medium Processor Overclocking Unit I 
        7, Explosive Deflection Field II 
        7, Warden I 
        7, Medium Tapered Capacitor Infusion I 
        7, Medium Electrochemical Capacitor Booster I 
        7, Medium Core Defense Field Extender II 
        7, Medium Targeting System Subcontroller I 
        7, Small Murky Remote Shield Booster 
        7, PL-0 Shipment Probe 
        7, Small Subordinate Screen Stabilizer I 
        7, Limited Neural Boost - Beta 
        7, Limited Social Adaptation Chip - Beta 
        7, 280mm 'Scout' Artillery I 
        7, Small Capacitor Booster I 
        7, Manticore 
        7, Parallel Weapon Navigation Transmitter 
        7, Small Energy Neutralizer I 
        7, Reactor Control Unit II 
        7, 'Skadi' Coolant System I 
        7, Extruded Heat Sink I 
        7, Prototype Armor Explosive Hardener I 
        7, Small Hybrid Locus Coordinator I 
        7, Crucifier 
        7, Small Anti-Kinetic Screen Reinforcer I 
        7, Small Emission Scope Sharpener I 
        7, Cryptic Tuner Data Interface Blueprint 
        7, Standard L 
        7, Mark I Modified SS Overdrive Injector 
        7, Omnidirectional Tracking Link II 
        7, Ares 
        7, Modal Light Electron Particle Accelerator I 
        7, Dual Afocal Pulse Maser I 
        7, Large Shield Extender I 
        7, True Sansha Energized Adaptive Nano Membrane 
        7, Inherent Implants 'Squire' Engineering EG-602 
        7, Social Adaptation Chip - Improved 
        7, Small Anti-Explosive Screen Reinforcer I 
        7, Moa 
        7, Beta Hull Mod Expanded Cargo 
        7, Zainou 'Gypsy' Electronics EE-603 
        7, 100mm Reinforced Rolled Tungsten Plates I 
        7, Residual Survey Scanner I 
        7, Compulsive Multispectral ECM I 
        7, Induced Multispectral ECM I 
        7, Imperial Navy Energized Adaptive Nano Membrane 
        7, Modal Light Ion Particle Accelerator I 
        7, Medium 'Notos' Explosive Charge I 
        7, Defective Current Pump 
        7, 220mm Vulcan AutoCannon I 
        7, Bomb Launcher I 
        7, 280mm Carbine Howitzer I 
        6, M51 Iterative Shield Regenerator 
        6, Nanoelectrical Co-Processor I 
        6, Small Asymmetric Remote Shield Booster 
        6, Small 'Ghoul' Energy Siphon I 
        6, Omnidirectional Tracking Link I 
        6, F-43 Repetitive Multi-Frequency Backup Sensors 
        6, Civilian Shield Booster 
        6, Small YF-12a Smartbomb 
        6, Rudimentary Ship Scanner I 
        6, Monopulse Tracking Mechanism I 
        6, Customs Office 
        6, Taranis 
        6, Dual 180mm Gallium Machine Gun 
        6, F-b10 Nominal Capacitor Regenerator 
        6, Dual Modal Pulse Laser I 
        6, Microwave S 
        6, Indirect Scanning Dampening Unit I 
        6, Bastion Module I 
        6, Bantam 
        6, Medium 'Accommodation' Vestment Reconstructer I 
        6, 50W Infectious Power System Malfunction 
        6, Beta Reactor Control: Reaction Control I 
        6, Cryptic Data Interface Blueprint 
        6, Advanced 'Limos' Heavy Missile Bay I 
        6, Medium Particle Dispersion Projector I 
        6, Xray L 
        6, Inherent Implants 'Squire' Engineering EG-601 
        6, Cross-Lateral Gyrostabilizer I 
        6, Zor's Custom Navigation Hyper-Link 
        6, Modulated Strip Miner II 
        6, Salvager II 
        6, Thermic Dissipation Amplifier I 
        6, Medium Warhead Rigor Catalyst I 
        6, Survey Scanner I 
        6, Festival Launcher 
        6, Crates of Construction Blocks 
        6, Small Salvage Tackle I 
        6, Breacher 
        6, 280mm Gallium Cannon 
        6, Mining Drone I Blueprint 
        6, Hobgoblin I Blueprint 
        6, Cu Vapor Particle Bore Stream I 
        6, Discovery Survey Probe I 
        6, Medium Anti-Kinetic Pump I 
        6, Dual Light Beam Laser II 
        6, Gleam S 
        6, Imperial Navy Xray M 
        6, Imperial Navy Radio M 
        6, Inherent Implants 'Squire' Energy Management EM-803 
        6, Giant Secure Container 
        6, Dragoon 
        6, 200mm Carbide Railgun I 
        6, Melted Capacitor Console 
        6, Medium Core Defense Field Purger II 
        6, Medium Salvage Tackle I 
        6, Medium Remote Armor Repairer II 
        6, Heavy Unstable Power Fluctuator I 
        6, Gnosis 
        6, Standard S 
        6, 280mm Prototype Siege Cannon 
        6, Prototype ECCM Radar Sensor Cluster 
        6, C4S Coiled Circuit Thermal Radiator 
        6, Intact Shield Emitter 
        6, Rapid Heavy Missile Launcher II 
        6, Limited Light Ion Blaster I 
        6, Dual 180mm 'Scout' Autocannon I 
        6, Republic Fleet Warrior 
        5, Eifyr and Co. 'Gunslinger' Surgical Strike SS-901 
        5, Reactor Control Unit I 
        5, Capsule - Genolution 'Auroral' 197-variant 
        5, Small Neutron Saturation Injector I 
        5, Zainou 'Gnome' Shield Operation SP-903 
        5, Bouncer I 
        5, Scattering ECCM Projector I 
        5, Small Converse Deflection Catalyzer 
        5, 'Rash' ECM Emission I 
        5, Medium Ld-Acid Capacitor Battery I 
        5, Medium Armor Repairer I 
        5, Medium Auxiliary Thrusters I 
        5, Limited Memory Augmentation - Beta 
        5, Proof of Discovery: Anomalies 
        5, Poteque 'Prospector' Astrometric Rangefinding AR-802 
        5, 1600mm Reinforced Nanofiber Plates I 
        5, 1600mm Reinforced Crystalline Carbonide Plates I 
        5, Large I-a Polarized Armor Regenerator 
        5, Initiated Warp Disruptor I 
        5, Nanomechanical CPU Enhancer I 
        5, Small Brief Capacitor Overcharge I 
        5, Large Armor Repairer II 
        5, Stiletto 
        5, Federation Navy Garde 
        5, Federation Navy Hammerhead 
        5, Barton Reactor Capacitor Recharger I 
        5, Tracking Disruptor I 
        5, Imicus 
        5, Crusader 
        5, Spatial Attunement Unit 
        5, Power Circuit 
        5, Sisters Expanded Probe Launcher 
        5, Vigil 
        5, Medium Shield Booster I 
        5, Gamma L 
        5, Limited 'Limos' Heavy Assault Missile Launcher I 
        5, Zainou 'Gnome' Shield Management SM-703 
        5, 50mm Reinforced Nanofiber Plates I 
        5, Regulated Ion Phase Cannon I 
        5, Caldari Navy Hookbill 
        5, Medium Hydraulic Bay Thrusters I 
        5, Wolf 
        5, Federation Navy Stasis Webifier 
        5, Incognito Symmetry 
        5, Mining Frigate 
        5, Medium Shield Booster II 
        5, 425mm Medium Gallium Machine Gun 
        5, Imperial Navy Slicer 
        5, 'Repose' Core Compensation 
        5, Caldari Navy Heavy Assault Missile Launcher 
        5, Harbinger Blueprint 
        5, Anode Electron Particle Cannon I 
        5, Small Warhead Flare Catalyst I 
        5, Zainou 'Deadeye' Guided Missile Precision GP-803 
        5, Mega Pulse Laser I 
        5, Zor's Custom Navigation Link 
        5, Augoror 
        5, Co-Processor I 
        5, Upgraded Thermic Dissipation Amplifier I 
        5, Heavy Capacitor Booster II 
        5, Caldari BY-1 Nexus Chip 
        5, Civilian Afterburner 
        5, Talos 
        5, Inherent Implants 'Highwall' Mining MX-1005 
        5, Guristas Gold Tag 
        5, Large Rudimentary Concussion Bomb I 
        5, Dread Guristas Crystal Tag 
        5, Ultraviolet M 
        5, Focused Modal Pulse Laser I 
        5, Low Frequency Sensor Suppressor I 
        5, Hawk 
        5, Thermic Dissipation Amplifier II 
        5, Armor Kinetic Hardener II 
        5, 75mm Compressed Coil Gun I 
        5, Local Power Plant Manager: Capacity Power Relay I 
        5, Crates of Transmitters 
        5, Ultraviolet S 
        5, Mark I Generator Refitting: Capacitor Power Relay 
        5, Heavy Missile Launcher I 
        5, Imperial Navy Microwave M 
        5, Anode Neutron Particle Cannon I 
        5, Multifrequency L 
        5, Microwave L 
        5, 125mm Light Gallium Machine Gun 
        5, Small Capacitor Control Circuit II 
        5, Vexor Navy Issue Blueprint 
        5, Heavy Beam Laser II 
        4, Target Painter II 
        4, Medium Murky Remote Shield Booster 
        4, Medium Supplemental Barrier Emitter I 
        4, Civilian Stasis Webifier 
        4, Quantum Co-Processor I 
        4, ECM Burst II 
        4, 30 Day Pilot's License Extension (PLEX) 
        4, Imperial Navy Infrared M 
        4, Focused Modulated Medium Energy Beam I 
        4, 125mm 'Scout' Accelerator Cannon 
        4, Republic Fleet Firetail 
        4, Large F-4a Ld-Sulfate Capacitor Charge Unit 
        4, 150mm Compressed Coil Gun I 
        4, Civilian Data Analyzer 
        4, Harpy 
        4, Dual Heavy Modal Pulse Laser I 
        4, Gamma M 
        4, Prototype Armor Kinetic Hardener I 
        4, 75mm Carbide Railgun I 
        4, Caldari Navy Ballistic Control System 
        4, Pithum C-Type Adaptive Invulnerability Field 
        4, Republic Fleet Target Painter 
        4, Civilian Relic Analyzer 
        4, Federation Navy 425mm Railgun 
        4, Cryptic Accelerant 
        4, Small Cargohold Optimization I 
        4, Raven 
        4, Signal Amplifier I 
        4, Small Energy Metastasis Adjuster I 
        4, Reserve Magnetometric Scanners 
        4, Ishtar 
        4, Medium Polycarbon Engine Housing II 
        4, Vagabond 
        4, Medium Anti-Kinetic Screen Reinforcer I 
        4, Zainou 'Gnome' Weapon Upgrades WU-1003 
        4, Mark I Generator Refitting: Diagnostic System 
        4, Exotic Dancers, Male 
        4, Plagioclase Mining Crystal I 
        4, Pyroxeres Mining Crystal I 
        4, Prophecy 
        4, Sisters Core Probe Launcher 
        4, Republic Fleet Warp Disruptor 
        4, Plastic Wrap 
        4, Large Micro Jump Drive Blueprint 
        4, Reactive Armor Hardener Blueprint 
        4, Incognito Parity 
        4, Incognito Process 
        4, Incognito Augmentation 
        4, Small Core Defense Field Purger I 
        4, 425mm AutoCannon I 
        4, Hacking 
        4, Propulsion Jamming 
        4, Bestower 
        4, Eifyr and Co. 'Rogue' Navigation NN-603 
        4, Small Anti-EM Pump I 
        4, Kinetic Deflection Field I 
        4, 650mm Medium Prototype Siege Cannon 
        4, Medium Anti-Explosive Screen Reinforcer I 
        4, Type-D Altered SS Inertial Stabilizers 
        4, 'Benefactor' Ward Reconstructor 
        4, Medium Brief Capacitor Overcharge I 
        4, Tengu 
        4, Tengu Offensive - Accelerated Ejection Bay 
        4, Scourge Heavy Missile Blueprint 
        4, Esoteric Augmentation 
        4, Zainou 'Deadeye' Target Navigation Prediction TN-903 
        4, Mammoth 
        4, F-23 Reciprocal Remote Sensor Booster 
        4, Medium Cargohold Optimization II 
        4, Caldari Control Tower Small 
        4, Medium Hybrid Burst Aerator I 
        4, Poteque 'Prospector' Astrometric Pinpointing AP-602 
        4, Poteque 'Prospector' Astrometric Acquisition AQ-702 
        4, Wreathe 
        4, Proteus 
        4, Zbikoki's Hacker Card 
        4, Wasp I 
        4, Heavy Electrochemical Capacitor Booster I 
        4, Medium Anti-EM Screen Reinforcer II 
        4, Medium Particle Dispersion Augmentor I 
        4, Medium Energy Metastasis Adjuster I 
        4, Eifyr and Co. 'Gunslinger' Motion Prediction MR-703 
        4, Centum A-Type Energized Kinetic Membrane 
        4, Heavy Diminishing Power System Drain I 
        4, Small Murky Remote Capacitor Transmitter 
        4, Capacitor Flux Coil II 
        4, Medium Anti-Thermic Pump I 
        4, Jaguar 
        4, 100mm Reinforced Crystalline Carbonide Plates I 
        4, Medium 'Atonement' Remote Shield Booster 
        4, Mega Afocal Maser I 
        4, Conjunctive Gravimetric ECCM Scanning Array I 
        4, EM Ward Field I 
        4, Type-D Altered SS Expanded Cargo 
        4, Shield Boost Amplifier I 
        4, 220mm Medium Carbine Repeating Cannon I 
        4, Medium Ionic Field Projector I 
        4, 425mm Medium Carbine Repeating Cannon I 
        4, 425mm Railgun II 
        4, Shrapnel Bomb 
        4, Imperial Navy Standard L 
        4, Imperial Navy Radio L 
        4, Imperial Navy Gamma L 
        4, Radio L 
        4, Imperial Navy Microwave L 
        4, Ultraviolet L 
        4, Mega Beam Laser II 
        4, Imperial Navy Infrared L 
        4, Slaves 
        3, 100mm Reinforced Titanium Plates I 
        3, Retribution 
        3, Manchura's Tag 
        3, Protected LADAR Backup Cluster I 
        3, Exotic Dancers, Female 
        3, Small Inefficient Armor Repair Unit 
        3, Caldari Battleship 
        3, Caldari Battlecruiser 
        3, Reports 
        3, Protected RADAR Backup Cluster I 
        3, Shielded Gravimetric Backup Cluster I 
        3, Medium Diminishing Power System Drain I 
        3, Small 'Hope' Hull Reconstructor I 
        3, Large Cargohold Optimization I 
        3, ECM - Multispectral Jammer II 
        3, F-12 Nonlinear Tracking Processor 
        3, 125mm Carbide Railgun I 
        3, Small Supplemental Barrier Emitter I 
        3, Small Ld-Acid Capacitor Battery I 
        3, Remote Sensor Booster II 
        3, Zainou 'Gypsy' Electronics EE-601 
        3, Malediction 
        3, Cerberus 
        3, Medium Warhead Flare Catalyst I 
        3, 220mm Medium Gallium Machine Gun 
        3, Heavy Tapered Capacitor Infusion I 
        3, Large Ld-Acid Capacitor Battery I 
        3, Experimental Armor Explosive Hardener I 
        3, 800mm Reinforced Crystalline Carbonide Plates I 
        3, 'Grail' Layered Plating I 
        3, Upgraded Armor Kinetic Hardener I 
        3, Dual Heavy Anode Pulse Particle Stream I 
        3, Reserve RADAR Scanners 
        3, Medium Asymmetric Remote Shield Booster 
        3, Drone Navigation Computer I 
        3, Kronos 
        3, Large Remote Armor Repairer II 
        3, Large 'Accommodation' Vestment Reconstructer I 
        3, Large I-ax Remote Armor Repairer 
        3, Tracking Disruptor II 
        3, Small Capacitor Battery I 
        3, Cryptic Parity 
        3, Impetus Console 
        3, Relic Analyzer II 
        3, Cryptic Augmentation 
        3, X-Large Shield Booster II 
        3, Imperial Navy Capacitor Power Relay 
        3, Prototype Freight Sensors 
        3, 'Collateral' Adaptive Nano Plating I 
        3, Kinetic Deflection Amplifier II 
        3, Zainou 'Snapshot' Heavy Missiles HM-703 
        3, Spot Pulsing ECCM I 
        3, Kruul's DNA 
        3, Initiated Multispectral ECM I 
        3, Dual 650mm Gallium Repeating Cannon 
        3, Proof of Discovery: Gas Passkey 
        3, Harbinger 
        3, Zainou 'Snapshot' Light Missiles LM-901 
        3, Small 'Arup' Remote Armor Repairer 
        3, EP-S Gaussian Excavation Pulse 
        3, 50mm Reinforced Titanium Plates I 
        3, Sigma-Nought Tracking Mode I 
        3, Corelum C-Type Medium Armor Repairer 
        3, Loki 
        3, Loki Defensive - Adaptive Augmenter 
        3, Loki Electronics - Immobility Drivers 
        3, Loki Propulsion - Chassis Optimization 
        3, Civilian Warp Disruptor 
        3, Esoteric Process 
        3, Small Ancillary Current Router II 
        3, Kinetic Deflection Amplifier I 
        3, Refining 
        3, Raptor 
        3, Ferox 
        3, Capital Signal Disruption Amplifier II Blueprint 
        3, Domination X-Large Shield Booster 
        3, Small Particle Dispersion Augmentor I 
        3, Target Painter I 
        3, Experimental Energized Armor Layering Membrane I 
        3, Sukuuvestaa Heron 
        3, Medium Rocket Fuel Cache Partition I 
        3, Medium Capacitor Control Circuit II 
        3, Tengu Defensive - Amplification Node 
        3, Tengu Propulsion - Fuel Catalyst 
        3, Hornet I Blueprint 
        3, Procurer Blueprint 
        3, Esoteric Data Interface Blueprint 
        3, Small Blaster Specialization 
        3, Blackbird Blueprint 
        3, Caracal Blueprint 
        3, Large Ancillary Armor Repairer Blueprint 
        3, Mjolnir Heavy Missile Blueprint 
        3, Probe 
        3, Burst 
        3, Local Power Plant Manager: Reaction Control I 
        3, Caldari Destroyer 
        3, Medium 'Solace' Remote Armor Repairer 
        3, Zainou 'Deadeye' Guided Missile Precision GP-801 
        3, Basic Damage Control 
        3, Tornado 
        3, Small Peroxide Capacitor Power Cell 
        3, Scan Pinpointing Array I 
        3, 200mm Railgun I 
        3, Upgraded Kinetic Deflection Amplifier I 
        3, Inherent Implants 'Highwall' Mining MX-1001 
        3, Dual Afocal Light Maser I 
        3, Armor Thermic Hardener II 
        3, 200mm Prototype Gauss Gun 
        3, 200mm 'Scout' Accelerator Cannon 
        3, Livestock 
        3, Miasmos 
        3, Medium Targeting Systems Stabilizer I 
        3, X-Large Ancillary Shield Booster 
        3, Small Standard Container 
        3, Proteus Electronics - Emergent Locus Analyzer 
        3, Small Ohm Capacitor Reserve I 
        3, Large Freight Container 
        3, F-aQ Phase Code Tracking Subroutines 
        3, Proteus Defensive - Nanobot Injector 
        3, Heavy Beam Laser I 
        3, Large Capacitor Control Circuit II 
        3, Dread Guristas Ballistic Control System 
        3, Thukker Large Shield Extender 
        3, Energized Armor Layering Membrane II 
        3, Warrior SW-300 
        3, 'Accord' Core Compensation 
        3, Large YF-12a Smartbomb 
        3, Alumel Gravimetric ECCM Sensor Array I 
        3, Limited Armor Explosive Hardener I 
        3, Dual 150mm 'Scout' Accelerator Cannon 
        3, Osprey 
        3, Small Focused Modal Pulse Laser I 
        3, Blackbird 
        3, ECM - White Noise Generator II 
        3, Medium Anti-EM Pump I 
        3, F-89 Synchronized Signal Amplifier 
        3, Imperial Navy Standard S 
        3, Imperial Navy Microwave S 
        3, 'Deluge' ECM Burst I 
        3, 200mm Compressed Coil Gun I 
        3, Large Ohm Capacitor Reserve I 
        3, X-Large Neutron Saturation Injector I 
        3, 200mm Reinforced Crystalline Carbonide Plates I 
        3, Gatling Modulated Energy Beam I 
        3, Surrogate Multi-Frequency Reserve Array I 
        3, Ice Harvester Upgrade II 
        3, Large Core Defense Field Extender I 
        3, Torpedo Launcher II 
        3, Energized Explosive Membrane II 
        3, Initiated Ion Field ECM I 
        3, Dual Light Beam Laser I 
        3, Medium Hyperspatial Velocity Optimizer I 
        3, 800mm Reinforced Nanofiber Plates I 
        3, Imperial Navy Heat Sink 
        3, Signal Distortion Amplifier II 
        3, Small Remote Armor Repairer II 
        3, Explosive Plating II 
        3, Capital Semiconductor Memory Cell I 
        3, Small Anti-Thermal Screen Reinforcer II 
        3, Large Core Defense Field Purger I 
        3, Material Efficiency 
        3, Caldari Navy Large Shield Extender 
        2, Gistii B-Type 1MN Microwarpdrive 
        2, Illian's Passcard 
        2, Limited Energized Adaptive Nano Membrane I 
        2, Small F-RX Prototype Capacitor Boost 
        2, Tactical Shield Manipulation 
        2, EM Armor Compensation 
        2, Thermic Armor Compensation 
        2, Kinetic Armor Compensation 
        2, Explosive Armor Compensation 
        2, Insulated Stabilizer Array I 
        2, Berserker I 
        2, Dominix 
        2, Protected Multi-Frequency Backup Cluster I 
        2, Wavelength Signal Enhancer I 
        2, Low-grade Crystal Gamma 
        2, Megathron 
        2, Purifier 
        2, Covetor 
        2, Guristas Electrum Tag 
        2, Omen Navy Issue 
        2, Thermal Exhaust System I 
        2, Shielded Magnetometric Backup Cluster I 
        2, Small Targeting System Subcontroller II 
        2, Sentinel 
        2, 100mm Reinforced Steel Plates II 
        2, Noctis 
        2, Small Core Defense Charge Economizer I 
        2, Type-D Power Core Modification: Diagnostic System 
        2, Small Partial E95a Remote Capacitor Transmitter 
        2, Dual Modulated Heavy Energy Beam I 
        2, Mega Modulated Energy Beam I 
        2, Xray M 
        2, Prototype Energized Kinetic Membrane I 
        2, Upgraded Energized Kinetic Membrane I 
        2, Supplemental Screen Generator I 
        2, Pith X-Type X-Large Shield Booster 
        2, Vexor Navy Issue 
        2, Gatling Pulse Laser I 
        2, Large Capacitor Battery II 
        2, Large Hybrid Metastasis Adjuster I 
        2, Upgraded Armor Thermic Hardener I 
        2, Imperial Navy Cap Recharger 
        2, Small Targeting Systems Stabilizer I 
        2, Partial Weapon Navigation 
        2, 800mm Reinforced Steel Plates I 
        2, Minmatar Encryption Methods 
        2, Cryptic Symmetry 
        2, Cryptic Ship Data Interface Blueprint 
        2, Scan Acquisition Array I 
        2, Large Ancillary Shield Booster Blueprint 
        2, Cryptic Process 
        2, X-Large Ancillary Shield Booster Blueprint 
        2, Nereus 
        2, Light Missiles 
        2, Small Tracking Diagnostic Subroutines I 
        2, Explosive Deflection Amplifier II 
        2, Low-grade Halo Delta 
        2, Low-grade Halo Epsilon 
        2, Low-grade Halo Alpha 
        2, Low-grade Halo Beta 
        2, Low-grade Halo Gamma 
        2, 'Mendicant' Signal Booster I 
        2, Local Power Plant Manager: Reaction Shield Flux I 
        2, Medium Neutron Saturation Injector I 
        2, 1400mm Carbine Howitzer I 
        2, 800mm Heavy Carbine Repeating Cannon I 
        2, Large 'Notos' Explosive Charge I 
        2, Beta Hull Mod Inertial Stabilizers 
        2, Limited Mega Neutron Blaster I 
        2, Zainou 'Gnome' Shield Management SM-705 
        2, Genolution Core Augmentation CA-3 
        2, Inherent Implants 'Squire' Energy Management EM-805 
        2, Drone Navigation Computer II 
        2, Minmatar Shuttle 
        2, Small I-b Polarized Structural Regenerator 
        2, 1600mm Reinforced Steel Plates I 
        2, Focused Medium Beam Laser II 
        2, Loki Engineering - Power Core Multiplier 
        2, Charon 
        2, Small Particle Dispersion Projector I 
        2, F-M3 Munition Inertial Suspensor 
        2, Large Shield Booster I 
        2, Datacore - Gallentean Starship Engineering 
        2, Plagioclase Mining Crystal II 
        2, Veldspar Mining Crystal II 
        2, Scordite Mining Crystal II 
        2, Medium Ice Harvester Accelerator I 
        2, Muon Coil Bolt Array I 
        2, Spirits 
        2, Caracal Navy Issue 
        2, Drone Durability 
        2, Repair Drone Operation 
        2, Mobile Small Warp Disruptor I 
        2, Capital Capacitor Control Circuit I 
        2, Dramiel 
        2, Eifyr and Co. 'Rogue' High Speed Maneuvering HS-903 
        2, Zainou 'Deadeye' Missile Bombardment MB-703 
        2, Medium Warhead Calefaction Catalyst I 
        2, Small Drone Control Range Augmentor I 
        2, Inherent Implants 'Noble' Hull Upgrades HG-1003 
        2, Alfven Surface Remote Tracking Computer 
        2, Secure Gravimetric Backup Cluster I 
        2, Mark I Generator Refitting: Shield Power Relay 
        2, Protected Magnetometric Backup Cluster I 
        2, Inherent Implants 'Lancer' Gunnery RF-901 
        2, Inherent Implants 'Lancer' Small Energy Turret SE-603 
        2, Drake Navy Issue 
        2, Large Shield Booster II 
        2, Pneumatic Stabilization Actuator I 
        2, Tengu Electronics - CPU Efficiency Gate 
        2, Tengu Engineering - Capacitor Regeneration Matrix 
        2, Nova Light Missile Blueprint 
        2, Medium Hybrid Turret 
        2, Scythe Blueprint 
        2, Interdiction Sphere Launcher I Blueprint 
        2, Acolyte I Blueprint 
        2, Heavy Pulse Laser I Blueprint 
        2, Medium Bay Loading Accelerator I Blueprint 
        2, Titanium Sabot L Blueprint 
        2, Heavy Missile Launcher I Blueprint 
        2, Cyclone Blueprint 
        2, Prophecy Blueprint 
        2, Rocket Specialization 
        2, Light Missile Launcher I Blueprint 
        2, Bellicose Blueprint 
        2, Rapid Light Missile Launcher I Blueprint 
        2, Nuclear M Blueprint 
        2, Reactor Control Unit I Blueprint 
        2, Drone Sharpshooting 
        2, Inferno Light Missile Blueprint 
        2, Vexor Blueprint 
        2, Oracle Blueprint 
        2, 10MN Afterburner I Blueprint 
        2, Strip Miner I Blueprint 
        2, Expanded Cargohold I Blueprint 
        2, Rupture Blueprint 
        2, Medium Capacitor Control Circuit I Blueprint 
        2, Mark I Modified SS Inertial Stabilizers 
        2, Tobacco 
        2, Beta Reactor Control: Shield Flux I 
        2, Esoteric Tuner Data Interface Blueprint 
        2, Zainou 'Snapshot' Torpedoes TD-603 
        2, Kestrel Blueprint 
        2, Civilian Armor Repairer 
        2, Heavy Nosferatu I 
        2, Armageddon 
        2, Amarr Cruiser 
        2, Caldari Frigate 
        2, Caldari Cruiser 
        2, Oracle 
        2, Medium Remote Repair Augmentor I 
        2, Zainou 'Deadeye' Medium Hybrid Turret MH-803 
        2, Zainou 'Gnome' Launcher CPU Efficiency LE-601 
        2, Zainou 'Deadeye' Rapid Launch RL-1001 
        2, Zainou 'Deadeye' Missile Projection MP-701 
        2, Zainou 'Beancounter' Refining RX-804 
        2, Large Anti-EM Screen Reinforcer I 
        2, Cross-linked Bolt Array I 
        2, Stratios 
        2, Scan Rangefinding Array II 
        2, Medium Gravity Capacitor Upgrade I 
        2, Inherent Implants 'Noble' Mechanic MC-803 
        2, Inherent Implants 'Lancer' Controlled Bursts CB-701 
        2, Rokh 
        2, 100MN Afterburner I 
        2, Command Center Upgrades 
        2, Small Tractor Beam I Blueprint 
        2, Antimatter Charge L Blueprint 
        2, Cormorant Blueprint 
        2, Prorator 
        2, Procurer 
        2, Medium Converse Deflection Catalyzer 
        2, Eifyr and Co. 'Rogue' Fuel Conservation FC-801 
        2, Type-D Power Core Modification: Shield Flux 
        2, Induced Ion Field ECM I 
        2, Clearance Documents 
        2, Dual 250mm Compressed Coil Gun I 
        2, Guristas Bronze Tag 
        2, Dual 250mm Prototype Gauss Gun 
        2, 350mm Carbide Railgun I 
        2, Shield Recharger II 
        2, Deimos 
        2, Myrmidon 
        2, Medium Nosferatu II 
        2, Large Audit Log Secure Container 
        2, Corelum C-Type 10MN Microwarpdrive 
        2, Epithal 
        2, Proteus Engineering - Power Core Multiplier 
        2, Proteus Offensive - Covert Reconfiguration 
        2, ML-3 Amphilotite Mining Probe 
        2, Medium Standard Container 
        2, Caldari Navy Mjolnir Cruise Missile 
        2, 400mm Reinforced Steel Plates II 
        2, Proteus Propulsion - Localized Injectors 
        2, Domination Warp Scrambler 
        2, Proteus Engineering - Augmented Capacitor Reservoir 
        2, Pithum A-Type Explosive Deflection Amplifier 
        2, Federation Navy Comet 
        2, Zainou 'Deadeye' Rapid Launch RL-1002 
        2, Small Egress Port Maximizer I 
        2, Dual Modal Light Laser I 
        2, Inherent Implants 'Squire' Energy Systems Operation EO-601 
        2, Layered Plating II 
        2, Medium Bay Loading Accelerator I 
        2, Astero 
        2, ECM - Multispectral Jammer I 
        2, Inherent Implants 'Squire' Energy Grid Upgrades EU-701 
        2, Dual Diode Mining Laser I 
        2, Zainou 'Gypsy' Electronics EE-602 
        2, Astronautics Rigging 
        2, Sigil 
        2, Experimental Energized Explosive Membrane I 
        2, Large Automated Structural Restoration 
        2, 1600mm Reinforced Titanium Plates I 
        2, Medium Ohm Capacitor Reserve I 
        2, Phase Switching Remote Tracking Computer 
        2, Eifyr and Co. 'Gunslinger' Motion Prediction MR-701 
        2, Armored Warfare Mindlink 
        2, Corelum C-Type Energized Adaptive Nano Membrane 
        2, Large Sentry Damage Augmentor I 
        2, 200mm Reinforced Nanofiber Plates I 
        2, Large 'Regard' Remote Capacitor Transmitter 
        2, Micro B88 Core Augmentation 
        2, Surrogate RADAR Reserve Array I 
        2, Shield Power Relay I 
        2, True Sansha Energized Explosive Membrane 
        2, Eifyr and Co. 'Rogue' Acceleration Control AC-603 
        2, Suppressed Targeting System I 
        2, Prototype Armor EM Hardener I 
        2, 1200mm Heavy Gallium Cannon 
        2, Mark I Modified SS Expanded Cargo 
        2, Small Tapered Capacitor Infusion I 
        2, Small Focused Afocal Maser I 
        2, Thermic Dissipation Field I 
        2, Small Focused Modal Laser I 
        2, Tengu Engineering - Augmented Capacitor Reservoir 
        2, 800mm Heavy 'Scout' Repeating Cannon I 
        2, Nemesis 
        2, Mackinaw 
        2, Ice Harvester II 
        2, Surrogate Gravimetric Reserve Array I 
        2, Scanner Data III 
        2, Small Core Defense Operational Solidifier I 
        2, Arbitrator 
        2, Photon Scattering Array 
        2, Explosion Dampening Array 
        2, Low-grade Crystal Beta 
        2, Experimental Armor EM Hardener I 
        2, Small Algid Hybrid Administrations Unit I 
        2, 150mm Light Carbine Repeating Cannon I 
        2, Medium Projectile Ambit Extension I 
        2, Dual Anode Heavy Particle Stream I 
        2, Medium I-a Polarized Armor Regenerator 
        2, Upgraded Layered Plating I 
        2, Faint Phase Inversion ECM I 
        2, Upgraded Armor Explosive Hardener I 
        2, Prototype ECCM Omni Sensor Cluster 
        2, Large Auxiliary Nano Pump II 
        2, Dual 250mm Carbide Railgun I 
        2, Paladin 
        2, True Sansha Stasis Webifier 
        2, Large Trimark Armor Pump II 
        2, Centum C-Type Energized Adaptive Nano Membrane 
        2, 220mm Medium 'Scout' Autocannon I 
        2, 400mm Reinforced Nanofiber Plates I 
        2, Heavy Anode Pulse Particle Stream I 
        2, Large Remote Capacitor Transmitter II 
        2, True Sansha Heat Sink 
        2, Cruise Missile Specialization 
        2, Small Focused Modulated Pulse Energy Beam I 
        2, Dark Blood Radio S 
        2, ECM - Spatial Destabilizer II 
        2, Capacitor Flux Coil I 
        2, Cheetah 
        2, High Speed Maneuvering 
        2, Exequror 
        2, Tengu Electronics - Dissolution Sequencer 
        2, Dread Guristas Co-Processor 
        2, Cynosural Field Theory 
        2, Conjunctive Ladar ECCM Scanning Array I 
        2, Medium 'Canyon' Shield Extender 
        2, Command Relay Key 
        2, Oneiros 
        2, Conjunctive Magnetometric ECCM Scanning Array I 
        2, Armor EM Hardener II 
        1, Magnetic Vortex Stabilizer 
        1, Small Energy Locus Coordinator II 
        1, Centii C-Type Small Armor Repairer 
        1, Incremental Gravimetric ECCM Scanning Array I 
        1, Small Core Defense Capacitor Safeguard I 
        1, Fuel Conservation 
        1, Warhead Upgrades 
        1, Advanced Weapon Upgrades 
        1, Ladar Sensor Compensation 
        1, Low-grade Snake Alpha 
        1, Synth Exile Booster 
        1, Raven Navy Issue 
        1, Large Warhead Rigor Catalyst I 
        1, Large Semiconductor Memory Cell I 
        1, Large Warhead Calefaction Catalyst I 
        1, Domination Armor Explosive Hardener 
        1, Gistum B-Type Medium Remote Shield Booster 
        1, Domination Armor Thermic Hardener 
        1, Corelum B-Type Medium Remote Armor Repairer 
        1, Federation Navy Large Armor Repairer 
        1, Domination Armor Kinetic Hardener 
        1, Standard Drop Booster 
        1, Large Hybrid Burst Aerator I 
        1, Phantasm 
        1, Anshar 
        1, Orca 
        1, Local Power Plant Manager: Diagnostic System I 
        1, Target Spectrum Breaker 
        1, Type-D Power Core Modification: Capacitor Flux 
        1, Guristas Crystal Tag 
        1, Small Powergrid Subroutine Maximizer I 
        1, Datacore - Basic Civilian Tech 
        1, Explosive Deflection Amplifier I 
        1, Heavy Anode Particle Stream I 
        1, Prototype Armor Thermic Hardener I 
        1, Mega Modulated Pulse Energy Beam I 
        1, Large Automated Carapace Restoration 
        1, Prototype Thermic Plating I 
        1, Small I-ax Remote Armor Repairer 
        1, Medium 'Vehemence' Shockwave Charge 
        1, Medium Murky Remote Capacitor Transmitter 
        1, Large Inefficient Hull Repair Unit 
        1, Beta Hull Mod Reinforced Bulkheads 
        1, Reserve Gravimetric Scanners 
        1, Limited Electron Blaster Cannon I 
        1, Regulated Mega Neutron Phase Cannon I 
        1, Golem 
        1, Core X-Type 100MN Afterburner 
        1, Large Warhead Flare Catalyst II 
        1, Gist X-Type Shield Boost Amplifier 
        1, Large Warhead Rigor Catalyst II 
        1, Imperial Navy Gate Permit 
        1, Shadow Serpentis Magnetic Field Stabilizer 
        1, Large Hybrid Collision Accelerator II 
        1, Angel Diamond Tag 
        1, Serpentis Diamond Tag 
        1, Large 'Arup' Remote Armor Repairer 
        1, Vindicator 
        1, Large Core Defense Field Extender II 
        1, Large Anti-Thermal Screen Reinforcer II 
        1, Projectile Weapon Rigging 
        1, Data Analyzer II 
        1, Core Probe Launcher II 
        1, Optimized Cryptic Augmentation 
        1, Small Engine Thermal Shielding II Blueprint 
        1, Minmatar Battlecruiser 
        1, Dread Guristas Thermic Dissipation Field 
        1, Dread Guristas Kinetic Deflection Field 
        1, True Sansha Cap Recharger 
        1, Type-D Power Core Modification: Capacitor Power Relay 
        1, Lachesis 
        1, Low-grade Halo Omega 
        1, Dual 650mm Carbine Repeating Cannon I 
        1, Mega Anode Particle Stream I 
        1, Medium 'Ghoul' Energy Siphon I 
        1, 23rd Tier Overseer's Personal Effects 
        1, Pith X-Type Large Shield Booster 
        1, Gistii B-Type Small Shield Booster 
        1, Pith X-Type Explosive Deflection Field 
        1, Rattlesnake Blueprint 
        1, Inherent Implants 'Squire' Engineering EG-605 
        1, Whelan Machorin's Ballistic Smartlink 
        1, Talon Beta 
        1, Eifyr and Co. 'Rogue' High Speed Maneuvering HS-905 
        1, Talon Epsilon 
        1, Zainou 'Deadeye' Small Hybrid Turret SH-605 
        1, Inherent Implants 'Squire' Energy Grid Upgrades EU-703 
        1, Basic Power Diagnostic System 
        1, Small Energy Ambit Extension I 
        1, Small Projectile Collision Accelerator II 
        1, Small Low Friction Nozzle Joints II 
        1, Eifyr and Co. 'Alchemist' Nanite Control NC-903 
        1, Shadow Serpentis Armor Kinetic Hardener 
        1, Loki Offensive - Covert Reconfiguration 
        1, Eifyr and Co. 'Gunslinger' Surgical Strike SS-905 
        1, Inherent Implants 'Lancer' Medium Energy Turret ME-805 
        1, 41F Veiled Targeting Unit 
        1, Esoteric Attainment 
        1, Esoteric Accelerant 
        1, Incognito Data Interface Blueprint 
        1, Incognito Accelerant 
        1, Gallente Encryption Methods 
        1, Coreli C-Type 1MN Afterburner 
        1, Small Hydraulic Bay Thrusters II 
        1, Regulated Mega Ion Phase Cannon I 
        1, Upgraded Armor EM Hardener I 
        1, Small Inverted Signal Field Projector I 
        1, Crystal Gamma 
        1, Crystal Delta 
        1, Inherent Implants 'Squire' Energy Management EM-804 
        1, Crystal Alpha 
        1, Crystal Epsilon 
        1, Crystal Beta 
        1, Crystal Omega 
        1, Inherent Implants 'Lancer' Gunnery RF-905 
        1, Eifyr and Co. 'Gunslinger' Motion Prediction MR-705 
        1, Inherent Implants 'Lancer' Large Energy Turret LE-1005 
        1, Men's 'Lockstep' Boots (true black) 
        1, Men's 'Street' Shirt (urban camo) 
        1, Men's 'Commando' Pants (gray/black) 
        1, Pax Amarria 
        1, 7th Tier Overseer's Personal Effects 
        1, Weapon Upgrades 
        1, Drones 
        1, 100mm Reinforced Nanofiber Plates I 
        1, Passive Targeting Array I 
        1, Capital Sentry Damage Augmentor I Blueprint 
        1, Capital Capacitor Control Circuit I Blueprint 
        1, Synthetic Hull Conversion Nanofiber Structure I 
        1, Coreli C-Type Small Armor Repairer 
        1, Dual Anode Light Particle Stream I 
        1, R.S. Officer's Passcard 
        1, Inner Zone Shipping Imicus 
        1, Dual 150mm Carbide Railgun I 
        1, Republic Fleet Warfare Mindlink 
        1, Chelm's Modified Large EMP Smartbomb 
        1, Civilian Small Remote Shield Booster 
        1, Worm 
        1, Navy Micro Auxiliary Power Core 
        1, Corelum C-Type 10MN Afterburner 
        1, Pith C-Type Large Shield Booster 
        1, Medium Nanobot Accelerator I Blueprint 
        1, Medium Targeting Systems Stabilizer I Blueprint 
        1, Medium Projectile Burst Aerator I Blueprint 
        1, Nova Rocket Blueprint 
        1, Medium Ancillary Current Router I Blueprint 
        1, Medium Algid Energy Administrations Unit I Blueprint 
        1, Medium Polycarbon Engine Housing I Blueprint 
        1, Large Pulse Laser Specialization 
        1, Medium Anti-EM Screen Reinforcer I Blueprint 
        1, Ogre I Blueprint 
        1, Ballistic Deflection Array Blueprint 
        1, Medium Semiconductor Memory Cell I Blueprint 
        1, Medium Energy Discharge Elutriation I Blueprint 
        1, Radio M Blueprint 
        1, Medium Projectile Metastasis Adjuster I Blueprint 
        1, Maller Blueprint 
        1, Frequency Modulation 
        1, Medium Energy Metastasis Adjuster I Blueprint 
        1, Medium Drone Speed Augmentor I Blueprint 
        1, Celestis Blueprint 
        1, Medium Powergrid Subroutine Maximizer I Blueprint 
        1, Medium Core Defense Field Extender I Blueprint 
        1, EM Shield Compensation 
        1, Medium Anti-Kinetic Pump I Blueprint 
        1, Inferno Heavy Missile Blueprint 
        1, Medium Hybrid Collision Accelerator I Blueprint 
        1, Medium Core Defense Charge Economizer I Blueprint 
        1, Plutonium Charge M Blueprint 
        1, Medium Hybrid Burst Aerator I Blueprint 
        1, Vespa I Blueprint 
        1, Antimatter Charge S Blueprint 
        1, Medium Projectile Locus Coordinator I Blueprint 
        1, Medium Low Friction Nozzle Joints I Blueprint 
        1, Berserker I Blueprint 
        1, Medium Hybrid Metastasis Adjuster I Blueprint 
        1, Salvager I Blueprint 
        1, Medium Remote Repair Augmentor I Blueprint 
        1, Medium Engine Thermal Shielding I Blueprint 
        1, Medium Emission Scope Sharpener I Blueprint 
        1, Tornado Blueprint 
        1, Brutix Blueprint 
        1, Kinetic Shield Compensation 
        1, Mjolnir Rocket Blueprint 
        1, Tormentor Blueprint 
        1, EM Pulse Generator Blueprint 
        1, Medium Projectile Ambit Extension I Blueprint 
        1, Praetor I Blueprint 
        1, Advanced Drone Interfacing 
        1, 150mm Railgun I Blueprint 
        1, Arbitrator Blueprint 
        1, Infiltrator I Blueprint 
        1, Thermic Shield Compensation 
        1, Heavy Missile Launcher II Blueprint 
        1, Cap Booster 100 Blueprint 
        1, Medium Warp Core Optimizer I Blueprint 
        1, Talos Blueprint 
        1, Medium Railgun Specialization 
        1, Nuclear L Blueprint 
        1, Scourge Auto-Targeting Light Missile I Blueprint 
        1, Phased Plasma L Blueprint 
        1, EM Ward Field I Blueprint 
        1, Scourge Cruise Missile Blueprint 
        1, Carbonized Lead L Blueprint 
        1, Medium Energy Collision Accelerator I Blueprint 
        1, Medium Drone Control Range Augmentor I Blueprint 
        1, Small Artillery Specialization 
        1, Large Artillery Specialization 
        1, Medium Salvage Tackle I Blueprint 
        1, Small Ancillary Shield Booster Blueprint 
        1, Medium Drone Durability Enhancer I Blueprint 
        1, Mammoth Blueprint 
        1, Depleted Uranium L Blueprint 
        1, Naga Blueprint 
        1, Medium Ice Harvester Accelerator I Blueprint 
        1, Medium Processor Overclocking Unit I Blueprint 
        1, Rocket Launcher I Blueprint 
        1, Medium Core Defense Capacitor Safeguard I Blueprint 
        1, Cap Booster 25 Blueprint 
        1, Nova Heavy Missile Blueprint 
        1, Medium Inverted Signal Field Projector I Blueprint 
        1, Medium Targeting System Subcontroller I Blueprint 
        1, Medium Anti-Thermic Pump I Blueprint 
        1, Data Analyzer I Blueprint 
        1, EMP L Blueprint 
        1, Medium Signal Focusing Kit I Blueprint 
        1, Proton L Blueprint 
        1, Medium Rocket Fuel Cache Partition I Blueprint 
        1, Heavy Assault Missile Launcher I Blueprint 
        1, Expanded Probe Launcher I Blueprint 
        1, Dual 250mm Railgun I Blueprint 
        1, Medium Warhead Flare Catalyst I Blueprint 
        1, Inferno Rocket Blueprint 
        1, Titanium Sabot M Blueprint 
        1, Light Ion Blaster I Blueprint 
        1, Medium Egress Port Maximizer I Blueprint 
        1, Medium Energy Burst Aerator I Blueprint 
        1, Drone Interfacing 
        1, Medium Projectile Collision Accelerator I Blueprint 
        1, Dual 150mm Railgun I Blueprint 
        1, Medium Anti-Kinetic Screen Reinforcer I Blueprint 
        1, Medium Anti-Explosive Pump I Blueprint 
        1, Mjolnir Auto-Targeting Heavy Missile I Blueprint 
        1, Medium Energy Ambit Extension I Blueprint 
        1, 1MN Afterburner I Blueprint 
        1, Medium Ancillary Shield Booster Blueprint 
        1, Relic Analyzer I Blueprint 
        1, Medium Anti-Explosive Screen Reinforcer I Blueprint 
        1, Iridium Charge S Blueprint 
        1, Damage Control I Blueprint 
        1, Medium Anti-EM Pump I Blueprint 
        1, Miner I Blueprint 
        1, Medium Hybrid Ambit Extension I Blueprint 
        1, Medium Sentry Damage Augmentor I Blueprint 
        1, Medium Anti-Thermal Screen Reinforcer I Blueprint 
        1, Medium Energy Locus Coordinator I Blueprint 
        1, Retriever Blueprint 
        1, R.A.M.- Ammunition Tech Blueprint 
        1, 100MN Afterburner I Blueprint 
        1, Medium Algid Hybrid Administrations Unit I Blueprint 
        1, Medium Auxiliary Nano Pump I Blueprint 
        1, Target Painter II Blueprint 
        1, Medium Hybrid Locus Coordinator I Blueprint 
        1, Medium Core Defense Field Purger I Blueprint 
        1, Amarrian Starship Engineering 
        1, Nova Auto-Targeting Heavy Missile I Blueprint 
        1, Heavy Ion Blaster I Blueprint 
        1, Medium Dynamic Fuel Valve I Blueprint 
        1, Medium Mercoxit Mining Crystal Optimization I Blueprint 
        1, Medium Hybrid Discharge Elutriation I Blueprint 
        1, Target Painter I Blueprint 
        1, Stabber Blueprint 
        1, Medium Cargohold Optimization I Blueprint 
        1, Medium Core Defense Operational Solidifier I Blueprint 
        1, Mining Upgrades 
        1, Medium Hydraulic Bay Thrusters I Blueprint 
        1, Omen Blueprint 
        1, Deep Core Mining 
        1, Medium Drone Scope Chip I Blueprint 
        1, Small Shield Booster I Blueprint 
        1, Depleted Uranium M Blueprint 
        1, Medium Gravity Capacitor Upgrade I Blueprint 
        1, Medium Drone Mining Augmentor I Blueprint 
        1, Medium Trimark Armor Pump I Blueprint 
        1, EMP M Blueprint 
        1, Osprey Blueprint 
        1, Medium Auxiliary Thrusters I Blueprint 
        1, Medium Signal Disruption Amplifier I Blueprint 
        1, Phased Plasma M Blueprint 
        1, Medium Stasis Drone Augmentor I Blueprint 
        1, Turret Destabilization 
        1, Small Warhead Calefaction Catalyst I Blueprint 
        1, Scourge Auto-Targeting Heavy Missile I Blueprint 
        1, Scourge Light Missile Blueprint 
        1, Explosive Shield Compensation 
        1, Proton M Blueprint 
        1, Minmatar Starship Engineering 
        1, Mjolnir Cruise Missile Blueprint 
        1, Medium Hyperspatial Velocity Optimizer I Blueprint 
        1, Medium Particle Dispersion Augmentor I Blueprint 
        1, Small EMP Smartbomb I Blueprint 
        1, Microwave M Blueprint 
        1, Exequror Blueprint 
        1, Light Neutron Blaster I Blueprint 
        1, Medium Liquid Cooled Electronics I Blueprint 
        1, Mjolnir Light Missile Blueprint 
        1, Augoror Blueprint 
        1, Signature Analysis 
        1, Medium Drone Repair Augmentor I Blueprint 
        1, Esoteric Data Interface 
        1, Moon Harvesting Array Blueprint 
        1, Myrmidon Blueprint 
        1, Micro Jump Drive Operation 
        1, Antimatter Charge M Blueprint 
        1, Ferox Blueprint 
        1, Warp Core Stabilizer I Blueprint 
        1, Medium Memetic Algorithm Bank I Blueprint 
        1, Light Electron Blaster I Blueprint 
        1, Medium Particle Dispersion Projector I Blueprint 
        1, Shield Compensation 
        1, Hammerhead I Blueprint 
        1, Medium Warhead Rigor Catalyst I Blueprint 
        1, Scourge Rocket Blueprint 
        1, Carbonized Lead M Blueprint 
        1, Medium Warhead Calefaction Catalyst I Blueprint 
        1, Medium Tracking Diagnostic Subroutines I Blueprint 
        1, Medium Ionic Field Projector I Blueprint 
        1, Pyroxeres Mining Crystal I Blueprint 
        1, Heron Blueprint 
        1, Bookmark 
        1, Shield Recharger I 
        1, Esoteric Ship Data Interface Blueprint 
        1, Basic Shield Flux Coil 
        1, Zainou 'Deadeye' Missile Projection MP-703 
        1, Algos Blueprint 
        1, Thrasher Blueprint 
        1, Rifter Blueprint 
        1, Dragoon Blueprint 
        1, Coercer Blueprint 
        1, Corax Blueprint 
        1, Special Delivery 
        1, Large Energy Metastasis Adjuster I 
        1, Armor Kinetic Hardener I 
        1, Armor Thermic Hardener I 
        1, Large Energy Burst Aerator I 
        1, Elena Gazky's DNA 
        1, Large Algid Energy Administrations Unit I 
        1, Gallente Cruiser 
        1, Minmatar Cruiser 
        1, Minmatar Destroyer 
        1, Shield Management 
        1, Mining Barge 
        1, Standard Blue Pill Booster 
        1, Civilian Light Missile Launcher 
        1, Navitas 
        1, Astrometric Pinpointing 
        1, Astrometric Acquisition 
        1, ECCM - Radar II 
        1, Imperial Navy Warfare Mindlink 
        1, Inherent Implants 'Noble' Repair Proficiency RP-905 
        1, Inherent Implants 'Noble' Remote Armor Repair Systems RA-703 
        1, Caldari Control Tower 
        1, Mining Foreman Mindlink 
        1, Maelstrom 
        1, Large Anti-Thermal Screen Reinforcer I 
        1, Basic Expanded Cargohold 
        1, Eifyr and Co. 'Gunslinger' Medium Projectile Turret MP-801 
        1, Occator 
        1, Small Energy Discharge Elutriation I 
        1, Zainou 'Snapshot' Torpedoes TD-601 
        1, Zainou 'Deadeye' Missile Bombardment MB-701 
        1, Genolution Core Augmentation CA-4 
        1, Civilian Salvager 
        1, Gas Cloud Harvesting 
        1, Vherokior Probe 
        1, Caldari Navy Medium Shield Extender 
        1, Providence 
        1, Moa Blueprint 
        1, Noctis Blueprint 
        1, Shrapnel Bomb Blueprint 
        1, Scorpion Blueprint 
        1, Medium Ancillary Armor Repairer Blueprint 
        1, Condor Blueprint 
        1, Scorch Bomb Blueprint 
        1, Low-grade Talisman Delta 
        1, Low-grade Talisman Alpha 
        1, Low-grade Talisman Epsilon 
        1, Inherent Implants 'Squire' Energy Emission Systems ES-703 
        1, Low-grade Talisman Gamma 
        1, Low-grade Talisman Beta 
        1, Low-grade Talisman Omega 
        1, Medium Hybrid Metastasis Adjuster I 
        1, Medium Drone Durability Enhancer I 
        1, Pithum C-Type Thermic Dissipation Amplifier 
        1, Small 'Notos' Explosive Charge I 
        1, Minmatar Drone Specialization 
        1, Practical Type-E Ship Probe 
        1, Hyperion 
        1, Large Auxiliary Nano Pump I 
        1, Shaqil's Speed Enhancer 
        1, Guristas Silver Tag 
        1, 350mm Prototype Gauss Gun 
        1, Ship Scanner II 
        1, Sin 
        1, Imperial Navy Heavy Energy Neutralizer 
        1, Large Ancillary Current Router II 
        1, True Sansha Heavy Energy Neutralizer 
        1, Dark Blood Heavy Energy Neutralizer 
        1, Ammatar Navy Heavy Energy Neutralizer 
        1, Large Ancillary Current Router I 
        1, Dread Guristas Cloaking Device 
        1, Zainou 'Gypsy' Electronics Upgrades EU-601 
        1, Astarte 
        1, True Sansha Medium Capacitor Booster 
        1, Medium Anti-EM Pump II 
        1, Sleipnir 
        1, Medium Anti-Kinetic Screen Reinforcer II 
        1, Dark Blood Reactor Control Unit 
        1, Medium Processor Overclocking Unit II 
        1, Republic Fleet Gyrostabilizer 
        1, Hulk 
        1, Proteus Defensive - Warfare Processor 
        1, Proteus Propulsion - Interdiction Nullifier 
        1, Gate Key 
        1, Medium Bay Loading Accelerator II Blueprint 
        1, Vengeance 
        1, Small Bay Loading Accelerator II 
        1, Ishkur 
        1, Regulated Light Electron Phase Cannon I 
        1, Serpentis Electrum Tag 
        1, Gistum C-Type 10MN Microwarpdrive 
        1, Dark Blood Medium Capacitor Booster 
        1, Clone Soldier Recruiter Tag 
        1, Corelum C-Type Energized Explosive Membrane 
        1, Standard Exile Booster 
        1, Pithi C-Type Small Shield Booster 
        1, Medium Anti-Thermal Screen Reinforcer II 
        1, 'Copasetic' Particle Field Acceleration 
        1, Abaddon 
        1, Inherent Implants 'Lancer' Controlled Bursts CB-703 
        1, Inherent Implants 'Lancer' Large Energy Turret LE-1003 
        1, Inherent Implants 'Squire' Energy Systems Operation EO-602 
        1, Poteque 'Prospector' Archaeology AC-905 
        1, Zainou 'Snapshot' Heavy Assault Missiles AM-702 
        1, Insulated Stabilizer Array 
        1, ECCM Projector I 
        1, Centii C-Type Explosive Plating 
        1, Eifyr and Co. 'Rogue' Warp Drive Speed WS-610 
        1, Eifyr and Co. 'Rogue' Evasive Maneuvering EM-705 
        1, Viator 
        1, Zainou 'Snapshot' Heavy Assault Missiles AM-703 
        1, Zainou 'Deadeye' Large Hybrid Turret LH-1003 
        1, Keres 
        1, Kitsune 
        1, Corpum A-Type Energized EM Membrane 
        1, Core A-Type Armor Kinetic Hardener 
        1, Domination 100MN Microwarpdrive 
        1, Federation Navy Large Plasma Smartbomb 
        1, Pith C-Type Thermic Dissipation Field 
        1, Gist C-Type Shield Boost Amplifier 
        1, Federation Navy 100MN Microwarpdrive 
        1, Small Drone Speed Augmentor I 
        1, Caldari Encryption Methods 
        1, 50mm Reinforced Rolled Tungsten Plates I 
        1, Medium Dynamic Fuel Valve I 
        1, Ta3 Perfunctory Vessel Probe 
        1, Shield Rigging 
        1, Gravimetric Positional ECCM Sensor System I 
        1, Anode Mega Electron Particle Cannon I 
        1, Phased Muon ECCM Caster I 
        1, Extra Gravimetric ECCM Scanning Array I 
        1, F-43 Repetitive Gravimetric Backup Sensors 
        1, 'Prayer' Remote Tracking Computer 
        1, Civilian Thermic Dissipation Field 
        1, Surface Cargo Scanner I 
        1, Sansha Copper Tag 
        1, Type-D Power Core Modification: Reaction Control 
        1, Low-grade Virtue Beta 
        1, Poteque 'Prospector' Astrometric Rangefinding AR-806 
        1, Poteque 'Prospector' Astrometric Pinpointing AP-606 
        1, Micro Capacitor Booster I 
        1, Griffin 
        1, Mastodon 
        1, Fedo 
        1, Nanite Operation 
        1, Dark Blood Armor Explosive Hardener 
        1, Nanite Interfacing 
        1, Women's 'Structure' Dress (black/white) 
        1, Men's 'Esquire' Coat (red/gold) 
        1, Drone Control Unit I 
        1, Capital Remote Capacitor Transmitter I 
        1, Capital Remote Armor Repairer I 
        1, Small Focused Modulated Energy Beam I 
        1, Large Anti-Explosive Pump I 
        1, Large Anti-Thermic Pump I 
        1, Prototype Energized Explosive Membrane I 
        1, Large Anti-Kinetic Pump I 
        1, Corpse Female 
        1, Corpum C-Type Energized Explosive Membrane 
        1, Loki Offensive - Projectile Scoping Array 
        1, Corpum C-Type Energized Kinetic Membrane 
        1, Domination 10MN Microwarpdrive 
        1, Loki Engineering - Augmented Capacitor Reservoir 
        1, Stabber Fleet Issue 
        1, Experimental Energized Adaptive Nano Membrane I 
        1, Medium Partial E95b Remote Capacitor Transmitter 
        1, Loki Offensive - Turret Concurrence Registry 
        1, Basic Energized Adaptive Nano Membrane 
        1, Small Energy Collision Accelerator II 
        1, Inherent Implants 'Lancer' Small Energy Turret SE-601 
        1, Inherent Implants 'Squire' Energy Management EM-801 
        1, Zainou 'Gnome' Weapon Upgrades WU-1001 
        1, Proteus Electronics - Friction Extension Processor 
        1, Proteus Offensive - Hybrid Propulsion Armature 
        1, Broadsword 
        1, Warp Disruption Field Generator I 
        1, Focused Warp Disruption Script 
        1, ECCM - Omni I 
        1, Corelum B-Type 10MN Microwarpdrive 
        1, Domination Tracking Enhancer 
        1, Corpii C-Type Explosive Plating 
        1, Survey Probe Launcher I 
        1, Proteus Propulsion - Wake Limiter 
        1, Caldari Navy Warp Disruptor 
        1, Beta Reactor Control: Capacitor Flux I 
        1, Heavy Pulse Laser I 
        1, Corpum C-Type Medium Armor Repairer 
        1, Corpum C-Type Energized Adaptive Nano Membrane 
        1, 'Economist' Tracking Computer I 
        1, 'Capitalist' Magnetic Field Stabilizer I 
        1, Proteus Offensive - Dissonic Encoding Platform 
        1, Modal Mega Ion Particle Accelerator I 
        1, Extra Magnetometric ECCM Scanning Array I 
        1, F-42 Reiterative LADAR Backup Sensors 
        1, Zor's DNA 
        1, Medium I-b Polarized Structural Regenerator 
        1, Prototype ECCM Gravimetric Sensor Cluster 
        1, Dual 425mm Carbine Repeating Cannon I 
        1, Large Peroxide Capacitor Power Cell 
        1, 'Shade' White Noise ECM 
        1, Heavy Brief Capacitor Overcharge I 
        1, Tachyon Modulated Energy Beam I 
        1, Mark I Generator Refitting: Shield Flux 
        1, Typhoon 
        1, ECCM - Ladar II 
        1, Jury Rigging 
        1, Eifyr and Co. 'Rogue' Warp Drive Operation WD-602 
        1, Zainou 'Gnome' Shield Operation SP-901 
        1, Pithi B-Type Small Shield Booster 
        1, Pith B-Type Thermic Dissipation Field 
        1, Pith B-Type Kinetic Deflection Field 
        1, 'Dyad' Co-Processor I 
        1, Gistii B-Type 1MN Afterburner 
        1, Upgraded Adaptive Nano Plating I 
        1, Type-E Power Core Modification: Diagnostic System 
        1, Basic Gyrostabilizer 
        1, Inherent Implants 'Highwall' Mining Upgrades MU-1001 
        1, Ship Scanner I 
        1, Synth Drop Booster 
        1, Medium Projectile Metastasis Adjuster I 
        1, Small Signal Disruption Amplifier I 
        1, F-293 Nutation Remote Tracking Computer 
        1, Scanner Data II 
        1, Advanced Mass Production 
        1, Jump Drive Operation 
        1, Mining Director 
        1, Advanced Spaceship Command 
        1, Industrial Reconfiguration 
        1, Explosive Deflection Field I 
        1, Industrial Command Ships 
        1, Energy Pulse Weapons 
        1, Minmatar Industrial 
        1, Cyclone 
        1, Daredevil 
        1, Small Dynamic Fuel Valve I 
        1, Upgraded Energized Explosive Membrane I 
        1, Ballistic Deflection Array 
        1, Scythe 
        1, Heavy Neutron Blaster I 
        1, Shadow Serpentis Energized Adaptive Nano Membrane 
        1, 'Dactyl' Type-E Asteroid Analyzer 
        1, Corporate Hangar Array 
        1, Inherent Implants 'Squire' Energy Systems Operation EO-603 
        1, Protected Gravimetric Backup Cluster I 
        1, Heavy Assault Missile Launcher I 
        1, Upgraded 'Malkuth' Heavy Assault Missile Launcher I 
        1, Medium Egress Port Maximizer I 
        1, Dual Afocal Heavy Maser I 
        1, 'Spiegel' EM Plating I 
        1, Dual Heavy Afocal Pulse Maser I 
        1, Extra Radar ECCM Scanning Array I 
        1, Tachyon Modal Laser I 
        1, 'Regard' Remote Capacitor Transmitter 
        1, Heavy Afocal Pulse Maser I 
        1, Reinforced Metal Scraps 
        1, Upgraded Thermic Plating I 
        1, Large I-b Polarized Structural Regenerator 
        1, Limited EM Plating I 
        1, Omni Positional ECCM Sensor System I 
        1, Limited Armor Kinetic Hardener I 
        1, Surrogate LADAR Reserve Array I 
        1, True Sansha Energized Thermic Membrane 
        1, Core B-Type 100MN Microwarpdrive 
        1, Centus X-Type Large Armor Repairer 
        1, Dual 425mm 'Scout' Autocannon I 
        1, Mega Modal Laser I 
        1, Piercing ECCM Emitter I 
        1, Reserve Multi-Frequency Scanners 
        1, Warded Gravimetric Backup Cluster I 
        1, Republic Fleet Medium Shield Extender 
        1, Core A-Type Large Armor Repairer 
        1, True Sansha Heavy Nosferatu 
        1, Dark Blood Heavy Nosferatu 
        1, Sansha Palladium Tag 
        1, Small Focused Anode Particle Stream I 
        1, Dread Guristas Copper Tag 
        1, Medium Warhead Rigor Catalyst II 
        1, Ice Harvester I 
        1, Sansha Crystal Tag 
        1, Upgraded Energized EM Membrane I 
        1, Experimental Energized EM Membrane I 
        1, Small F-4a Ld-Sulfate Capacitor Charge Unit 
        1, Heavy Modal Laser I 
        1, Dual Modal Heavy Laser I 
        1, Large Inefficient Armor Repair Unit 
        1, Experimental Explosive Plating I 
        1, 100MN Afterburner II 
        1, Capital Inefficient Armor Repair Unit 
        1, Federation Navy Energized Adaptive Nano Membrane 
        1, Large 'Hope' Hull Reconstructor I 
        1, Dual 650mm Prototype Automatic Cannon 
        1, Advanced Target Management 
        1, Core A-Type 100MN Microwarpdrive 
        1, 800mm Reinforced Titanium Plates I 
        1, Caldari Navy Fleet Rear-Admiral Insignia 
        1, Limited Armor Thermic Hardener I 
        1, Centus B-Type Large Armor Repairer 
        1, Medium 'Hope' Hull Reconstructor I 
        1, Hull Upgrades 
        1, Amarr Battleship 
        1, Amarr Battlecruiser 
        1, Remote Sensing 
        1, Interplanetary Consolidation 
        1, Scientific Networking 
        1, Cargo Scanner II 
        1, Afterburner 
        1, Core B-Type Large Armor Repairer 
        1, Corelum B-Type Energized Adaptive Nano Membrane 
        1, Large Energy Collision Accelerator II 
        1, Domination 100MN Afterburner 
        1, Centii C-Type Adaptive Nano Plating 
        1, Small Secure Container 
        1, Inherent Implants 'Lancer' Gunnery RF-903 
        1, Inherent Implants 'Noble' Hull Upgrades HG-1001 
        1, Heavy Missile Specialization 
        1, Muninn 
        1, Small 'Vehemence' Shockwave Charge 
        1, FZ-3 Subversive Spatial Destabilizer ECM 
        1, Hybrid Weapon Rigging 
        1, Caldari Control Tower Medium 
        1, Low-grade Crystal Alpha 
        1, Low-grade Crystal Delta 
        1, Small Anti-EM Screen Reinforcer II 
        1, Small Core Defense Field Extender II 
        1, Focused Anode Pulse Particle Stream I 
        1, Naga 
        1, Zainou 'Gnome' Shield Operation SP-905 
        1, Zainou 'Gnome' Shield Upgrades SU-605 
        1, Zainou 'Gypsy' Long Range Targeting LT-803 
        1, Passive Targeter II 
        1, Torpedoes 
        1, Medium Hull Repairer II 
        1, Rapid Firing 
        1, Remote Armor Repair Systems 
        1, Small Processor Overclocking Unit II 
        1, Prototype Energized Thermic Membrane I 
        1, Zainou 'Snapshot' Heavy Assault Missiles AM-705 
        1, Zainou 'Deadeye' Rapid Launch RL-1005 
        1, Cloaking 
        1, Mass Production 
        1, CPU Management 
        1, Armor Rigging 
        1, Bustard 
        1, Zainou 'Snapshot' Cruise Missiles CM-602 
        1, True Sansha Armor Explosive Hardener 
        1, Proteus Defensive - Augmented Plating 
        1, Anathema 
        1, Pithum C-Type Medium Shield Booster 
        1, Tengu Propulsion - Gravitational Capacitor 
        1, Tengu Defensive - Supplemental Screening 
        1, Jackal Delta 
        1, Jackal Beta 
        1, Jackal Gamma 
        1, Caldari Navy Co-Processor 
        1, Jackal Omega 
        1, Jackal Alpha 
        1, Jackal Epsilon 
        1, Low-grade Ascendancy Alpha 
        1, Low-grade Ascendancy Delta 
        1, Low-grade Ascendancy Gamma 
        1, Low-grade Ascendancy Beta 
        1, Low-grade Ascendancy Epsilon 
        1, Low-grade Ascendancy Omega 
        1, Gila 
        1, Gist X-Type Thermic Dissipation Field 
        1, Federation Navy Omnidirectional Tracking Link 
        1, Gist X-Type EM Ward Field 
        1, Zainou 'Snapshot' Cruise Missiles CM-603 
        1, Refinery Efficiency 
        1, Amarr Destroyer 
        1, Corporation Contracting 
        1, Gallente Destroyer 
        1, Zainou 'Deadeye' Trajectory Analysis TA-701 
        1, Medium Freight Container 
        1, Caldari Navy Warp Scrambler 
        1, Eifyr and Co. 'Rogue' High Speed Maneuvering HS-901 
        1, Inherent Implants 'Yeti' Ice Harvesting IH-1001 
        1, Upgraded Energized Adaptive Nano Membrane I 
        1, Energized Kinetic Membrane II 
        1, Medium Anti-Explosive Pump II 
        1, Shadow Serpentis Copper Tag 
        1, Hoarder 
        1, Brutix 
        1, Standard Cerebral Accelerator 
        1, Light Missile Specialization 
