  3769579, Pyerite 
   539774, Dense Veldspar 
   449119, Nitrogen Isotopes 
   427978, Oxygen Isotopes 
   350700, Hydrogen Isotopes 
   348620, Pyroxeres 
   341039, Helium Isotopes 
   334466, Veldspar 
   315348, Concentrated Veldspar 
   199601, Scordite 
   178165, Void M 
   145575, Industrial Fibers 
   144336, Kernite 
   137519, Solid Pyroxeres 
   135392, Republic Fleet EMP M 
   119371, Pure Jaspet 
   115415, Null M 
   102588, Scourge Rage Heavy Assault Missile 
    97338, Luminous Kernite 
    89887, Barrage M 
    86200, Liquid Ozone 
    85494, Republic Fleet Phased Plasma M 
    77130, Hail M 
    74865, Silicon 
    69085, EMP S 
    60867, Caldari Navy Antimatter Charge M 
    56752, Silvery Omber 
    56621, Republic Fleet Fusion M 
    54343, Antimatter Charge L 
    53840, Void S 
    53812, EMP M 
    52986, Condensed Scordite 
    50690, Fusion M 
    49684, Jaspet 
    49309, Tritanium 
    49173, Antimatter Charge S 
    46658, Viscous Pyroxeres 
    45252, Antimatter Charge M 
    45087, Republic Fleet EMP S 
    44718, Spike S 
    43044, Null S 
    38367, EMP L 
    35934, Republic Fleet EMP L 
    35248, Phased Plasma M 
    33505, Federation Navy Antimatter Charge S 
    33096, Vivid Hemorphite 
    31858, Caldari Navy Antimatter Charge L 
    29124, Mjolnir Heavy Assault Missile 
    28800, Caldari Navy Scourge Light Missile 
    28790, Scourge Heavy Missile 
    28512, Fiery Kernite 
    28131, Pristine Jaspet 
    27937, Barrage S 
    26866, Hemorphite 
    26655, Spike M 
    25762, Hail S 
    24713, Mjolnir Fury Heavy Missile 
    24125, Supertensile Plastics 
    23166, Heavy Water 
    22091, Republic Fleet Fusion L 
    21860, Null L 
    21486, Fusion L 
    21193, Caldari Navy Scourge Heavy Missile 
    20909, Republic Fleet Phased Plasma L 
    20857, Lead Charge S 
    19291, Scourge Light Missile 
    18615, Phased Plasma S 
    18418, Federation Navy Antimatter Charge M 
    17957, Nanite Repair Paste 
    17541, Scourge Fury Heavy Missile 
    17210, Caldari Navy Scourge Heavy Assault Missile 
    17068, Iridium Charge S 
    16837, Mjolnir Heavy Missile 
    16828, Phased Plasma L 
    16808, Nova Rage Heavy Assault Missile 
    16740, Strontium Clathrates 
    16411, Inferno Rage Heavy Assault Missile 
    16266, Caldari Navy Mjolnir Heavy Assault Missile 
    16250, Banidine 
    16136, Nova Heavy Missile 
    16101, Titanium Sabot M 
    15963, Caldari Navy Antimatter Charge S 
    15439, Scourge Javelin Heavy Assault Missile 
    14951, Inferno Heavy Missile 
    14881, Mjolnir Rage Heavy Assault Missile 
    14738, Void L 
    14596, Republic Fleet Phased Plasma S 
    14275, Nuclear M 
    14195, Nova Heavy Assault Missile 
    13643, Nocxium 
    13319, Hail L 
    12931, Nova Light Missile 
    12573, Mjolnir Cruise Missile 
    12361, Quake M 
    12115, Scourge Heavy Assault Missile 
    11943, Iridium Charge M 
    11665, Nova Fury Heavy Missile 
    11445, Inferno Heavy Assault Missile 
    10808, Caldari Navy Inferno Light Missile 
     9948, Caldari Navy Mjolnir Heavy Missile 
     9359, Tremor M 
     9334, Caldari Navy Nova Heavy Assault Missile 
     8395, Water-Cooled CPU 
     8181, Mjolnir Light Missile 
     8088, Cobalt 
     7936, Republic Fleet Fusion S 
     7886, Radiant Hemorphite 
     7805, Titanium Sabot S 
     7677, Minmatar Fuel Block 
     7461, Barrage L 
     7384, Caldari Navy Mjolnir Rocket 
     7160, Construction Blocks 
     6844, Scourge Precision Heavy Missile 
     6700, Republic Fleet Titanium Sabot S 
     6680, Caldari Navy Inferno Heavy Assault Missile 
     6590, Caldari Navy Inferno Heavy Missile 
     6364, Massive Scordite 
     6060, Mjolnir Javelin Rocket 
     5994, Mexallon 
     5933, Superconductors 
     5856, Nanites 
     5634, Mjolnir Rage Rocket 
     5495, Isogen 
     5457, Scourge Fury Light Missile 
     5425, Republic Fleet Titanium Sabot M 
     5377, Republic Fleet Depleted Uranium S 
     5257, Fusion S 
     5235, Inferno Fury Heavy Missile 
     5206, Mjolnir Auto-Targeting Light Missile I 
     5205, Javelin M 
     5137, Scourge Cruise Missile 
     5092, Caldari Navy Nova Cruise Missile 
     5078, Caldari Navy Nova Heavy Missile 
     5000, Republic Fleet Nuclear M 
     5000, Proton M 
     5000, Carbonized Lead M 
     4970, Caldari Navy Uranium Charge L 
     4885, Inferno Light Missile 
     4884, Augumene 
     4800, Caldari Fuel Block 
     4663, Biocells 
     4471, Mjolnir Fury Light Missile 
     4421, Javelin S 
     4406, Omber 
     4358, Republic Fleet Titanium Sabot L 
     4330, Nuclear S 
     4122, Republic Fleet Depleted Uranium M 
     4013, Charred Micro Circuit 
     3895, Republic Fleet Proton L 
     3876, Javelin L 
     3849, Burned Logic Circuit 
     3694, Mjolnir Rocket 
     3683, Tripped Power Circuit 
     3606, Thorium Charge M 
     3586, Caldari Navy Nova Light Missile 
     3535, Caldari Navy Nova Rocket 
     3425, Uranium Charge M 
     3283, Oxides 
     3259, Proton S 
     3256, Caldari Navy Scourge Torpedo 
     3255, Enriched Uranium 
     3253, Fried Interface Circuit 
     3141, Megacyte 
     3079, Smashed Trigger Unit 
     3064, Nova Rocket 
     3000, Arch Angel Carbonized Lead L 
     2936, Caldari Navy Iron Charge L 
     2920, Titanium Sabot L 
     2834, Iron Charge S 
     2796, Oxygen 
     2733, Lyavite 
     2643, Caldari Navy Mjolnir Torpedo 
     2610, Microfiber Shielding 
     2584, Arch Angel EMP M 
     2571, Robotics 
     2553, Scourge Rocket 
     2297, Depleted Uranium S 
     2255, Caldari Navy Inferno Rocket 
     2237, Caldari Navy Scourge Rocket 
     2196, Gneiss 
     2167, Alloyed Tritanium Bar 
     2156, Inferno Rocket 
     2142, Thruster Console 
     2129, Amarr Fuel Block 
     2035, Caldari Navy Mjolnir Cruise Missile 
     2028, Inferno Torpedo 
     2000, Inferno Precision Light Missile 
     2000, Arch Angel Phased Plasma M 
     1996, Caldari Navy Lead Charge L 
     1985, Coolant 
     1826, Dread Guristas Iron Charge M 
     1803, Green Arisite 
     1787, Guristas Antimatter Charge XL 
     1711, Caldari Navy Mjolnir Light Missile 
     1628, Tremor S 
     1562, Scourge Auto-Targeting Heavy Missile I 
     1498, Zydrine 
     1461, Contaminated Nanite Compound 
     1458, Guristas Iridium Charge XL 
     1430, Hafnium 
     1389, Scourge Precision Light Missile 
     1349, Caldari Navy Thorium Charge L 
     1314, Caldari Navy Tungsten Charge L 
     1300, Arch Angel Phased Plasma L 
     1241, Prismatic Gneiss 
     1217, Positron Cord 
     1209, Carbonized Lead S 
     1200, Inferno Javelin Heavy Assault Missile 
     1144, Obsidian Ochre 
     1124, Mercury 
     1107, Armor Plates 
     1104, Guidance Systems 
     1047, Inferno Javelin Rocket 
     1025, Gel-Matrix Biopaste 
     1012, Depleted Uranium M 
     1000, Scourge Rage Rocket 
     1000, Domination Carbonized Lead S 
     1000, Inferno Precision Heavy Missile 
     1000, Tremor L 
     1000, Shadow Iron Charge M 
     1000, Caldari Navy Uranium Charge S 
     1000, Guardian Iridium Charge S 
     1000, Guristas Scourge Rocket 
     1000, Guristas Iron Charge S 
     1000, Shadow Tungsten Charge S 
      988, Warrior II 
      985, Nova Rage Rocket 
      948, Inferno Precision Cruise Missile 
      946, Caldari Navy Nova Torpedo 
      940, Inferno Fury Cruise Missile 
      931, Defective Current Pump 
      883, Caldari Navy Lead Charge M 
      865, Guristas Uranium Charge XL 
      844, Auxiliary Parts 
      812, Scourge Fury Cruise Missile 
      802, Metal Scraps 
      800, Republic Fleet Proton M 
      789, Plutonium Charge M 
      788, Damaged Artificial Neural Network 
      783, Plutonium Charge L 
      770, Malfunctioning Shield Emitter 
      750, Caldari Navy Iridium Charge S 
      741, Core Scanner Probe I 
      712, Caldari Navy Inferno Cruise Missile 
      701, Bouncer I 
      654, Mjolnir Torpedo 
      654, Nova Auto-Targeting Heavy Missile I 
      643, Nova Fury Light Missile 
      632, Plutonium Charge S 
      612, Lime Mykoserocin 
      605, Hornet EC-300 
      600, Scourge Precision Cruise Missile 
      596, Sodium Firework 
      558, Hobgoblin II 
      541, Garde I 
      528, Phased Plasma XL 
      525, Cynosural Field Generator I 
      516, Barium Firework 
      510, Thorium Charge L 
      500, Scourge Torpedo 
      496, Arch Angel EMP XL 
      495, Hammerhead II 
      488, Inferno Fury Light Missile 
      487, Inferno Javelin Torpedo 
      484, Republic Fleet Carbonized Lead L 
      456, Quake L 
      445, Crokite 
      436, Sisters Core Scanner Probe 
      431, Copper Firework 
      423, Navy Cap Booster 400 
      403, Damage Control II 
      400, Inferno Auto-Targeting Light Missile I 
      400, Uranium Charge S 
      400, Scourge Javelin Rocket 
      400, Nova Javelin Rocket 
      400, Inferno Rage Rocket 
      400, Caldari Navy Tungsten Charge M 
      400, Heavy Defender Missile I 
      398, Light Defender Missile I 
      390, Domination Proton M 
      376, Arch Angel Carbonized Lead S 
      365, Electronic Parts 
      362, Hobgoblin I 
      352, Republic Fleet Depleted Uranium L 
      344, Capsule 
      343, Bouncer II 
      332, Garde II 
      325, Glare Crust 
      320, Caldari Navy Plutonium Charge M 
      306, Cadmium 
      301, Cap Booster 800 
      300, Thorium Charge S 
      293, Valkyrie II 
      290, Navy Cap Booster 800 
      283, Heavy Armor Maintenance Bot I 
      280, Heavy Shield Maintenance Bot I 
      278, Vespa EC-600 
      276, Energized Adaptive Nano Membrane II 
      273, Cap Booster 100 
      262, Expanded Cargohold II 
      259, Medium Trimark Armor Pump I 
      249, Dark Glitter 
      234, Curator II 
      228, Medium Core Defense Field Extender I 
      228, Carbon 
      225, Gyrostabilizer II 
      224, Data Sheets 
      223, Ballistic Control System II 
      219, Cap Booster 50 
      214, Mjolnir Auto-Targeting Heavy Missile I 
      208, Domination EMP S 
      206, Experimental 10MN Microwarpdrive I 
      200, Scourge Auto-Targeting Light Missile I 
      200, Tungsten Charge S 
      198, Warrior I 
      198, Caldari Navy Inferno Torpedo 
      195, Sisters Combat Scanner Probe 
      179, Navy Cap Booster 50 
      179, Spodumain 
      177, Adaptive Invulnerability Field II 
      176, Warp Disruptor II 
      174, Cap Booster 400 
      172, Large Shield Extender II 
      171, 425mm AutoCannon II 
      171, Warp Disrupt Probe 
      165, Nanofiber Internal Structure II 
      165, Wasp EC-900 
      162, Combat Scanner Probe I 
      156, Limited 1MN Microwarpdrive I 
      151, Cap Recharger II 
      151, Salvage Drone I 
      145, Magnetic Field Stabilizer II 
      144, Hydrogen Batteries 
      141, Ogre II 
      140, Morphite 
      135, Heavy Assault Missile Launcher II 
      134, Ibis 
      134, Civilian Miner 
      134, Expanded Cargohold I 
      133, Hammerhead I 
      127, 220mm Vulcan AutoCannon II 
      127, Imperial Navy Multifrequency M 
      124, Scan Resolution Script 
      123, Broken Drone Transceiver 
      121, Curator I 
      118, Drone Damage Amplifier II 
      117, Scorch M 
      115, Multifrequency S 
      110, Tracking Enhancer II 
      109, Barium Firework CXIV 
      108, Conflagration M 
      104, Warp Scrambler II 
      103, Velator 
      100, Small Gravity Capacitor Upgrade I 
      100, Mechanic Parts 
      100, Nova Cruise Missile 
      100, Iron Charge M 
      100, Inferno Auto-Targeting Heavy Missile I 
      100, Nuclear L 
      100, Inferno Cruise Missile 
      100, Inferno Auto-Targeting Cruise Missile I 
      100, Lead Charge L 
       99, Core Probe Launcher I 
       98, Strip Miner I 
       96, Force Cable 
       95, Warp Core Stabilizer I 
       94, Heavy Missile Launcher II 
       94, Adaptive Nano Plating II 
       94, Electric Conduit 
       94, Drone Synaptic Relay Wiring 
       93, Mining Laser Upgrade II 
       93, Occult Symmetry 
       93, Micro Circuit 
       92, Medium Anti-EM Screen Reinforcer I 
       92, Navy Cap Booster 200 
       91, Reaper 
       91, Light Neutron Blaster II 
       91, Infiltrator II 
       90, Data Analyzer I 
       89, Mining Laser Upgrade I 
       89, Relic Analyzer I 
       89, Datacore - High Energy Physics 
       88, Datacore - Amarrian Starship Engineering 
       87, Covert Ops Cloaking Device II 
       87, Heat Sink II 
       86, Prototype Cloaking Device I 
       85, Medium Capacitor Control Circuit I 
       84, Medium Ancillary Current Router I 
       84, Acolyte I 
       84, Warden I 
       83, Clear Icicle 
       83, Tangled Power Conduit 
       82, Vespa II 
       81, Melted Capacitor Console 
       80, Anode Light Neutron Particle Cannon I 
       79, Light Shield Maintenance Bot I 
       78, Sensor Booster II 
       77, Modulated Strip Miner II 
       75, Heavy Electron Blaster II 
       73, Stasis Webifier II 
       72, X5 Prototype Engine Enervator 
       72, Fleeting Propulsion Inhibitor I 
       71, Pyroxeres Mining Crystal I 
       71, Tracking Speed Script 
       70, Cap Booster 25 
       70, Domination Nuclear S 
       68, Datacore - Nanite Engineering 
       67, Medium Cargohold Optimization I 
       65, Datacore - Mechanical Engineering 
       65, Cap Booster 200 
       64, Interface Circuit 
       62, Impairor 
       62, Occult Process 
       61, 1600mm Reinforced Steel Plates II 
       61, Civilian Light Electron Blaster 
       61, Multifrequency M 
       60, Hornet I 
       60, Praetor EV-900 
       60, Warden II 
       60, Mjolnir Rage Torpedo 
       60, Mjolnir Javelin Torpedo 
       59, Probe 
       58, Navy Cap Booster 75 
       57, Datacore - Laser Physics 
       57, J5b Phased Prototype Warp Scrambler I 
       57, Logic Circuit 
       57, Light Armor Maintenance Bot I 
       56, Medium Armor Repairer II 
       56, Power Circuit 
       56, Large Trimark Armor Pump I 
       54, Imperial Navy Multifrequency L 
       54, Acolyte II 
       54, Heavy Ion Blaster II 
       54, Berserker II 
       53, 1600mm Reinforced Rolled Tungsten Plates I 
       53, 200mm AutoCannon II 
       52, Hornet II 
       51, Artificial Neural Network 
       51, Heavy Neutron Blaster II 
       51, Nova Torpedo 
       50, Medium Shield Extender II 
       50, Mining Drone I 
       50, Retriever 
       50, Focused Medium Pulse Laser II 
       49, 'Arbalest' Heavy Missile Launcher 
       49, Energy Cells 
       48, Experimental 10MN Afterburner I 
       48, Occult Augmentation 
       48, Heavy Modulated Pulse Energy Beam I 
       48, Large F-S9 Regolith Shield Induction 
       47, Co-Processor II 
       47, Standard M 
       46, 200mm Light 'Scout' Autocannon I 
       46, Experimental 1MN Afterburner I 
       46, Einherji 
       46, Hedbergite 
       46, Capacitor Power Relay II 
       46, Contaminated Lorentz Fluid 
       45, Medium Unstable Power Fluctuator I 
       45, 1MN Microwarpdrive I 
       44, Veldspar Mining Crystal I 
       44, Salvager I 
       44, Survey Scanner II 
       44, Pyroxeres Mining Crystal II 
       43, Civilian Gatling Railgun 
       43, Kernite Mining Crystal II 
       43, Optimal Range Script 
       42, Nanofiber Internal Structure I 
       42, Light Missile Launcher I 
       41, J5 Prototype Warp Disruptor I 
       41, Small Core Defense Field Extender I 
       41, Occult Accelerant 
       41, Occult Parity 
       41, 10MN Afterburner II 
       41, Xray M 
       41, Targeting Range Script 
       40, Prototype 'Arbalest' Torpedo Launcher 
       40, Medium Processor Overclocking Unit I 
       40, Medium Auxiliary Nano Pump I 
       40, Multifrequency L 
       40, 1400mm Howitzer Artillery II 
       40, Water 
       39, Memory Augmentation - Basic 
       39, Civilian Gatling Autocannon 
       39, Neural Boost - Basic 
       39, Magnate 
       39, Micro Auxiliary Power Core I 
       39, Small Hybrid Collision Accelerator I 
       39, Ogre I 
       39, Neutron Blaster Cannon II 
       38, Cybernetic Subprocessor - Basic 
       38, Drone Link Augmentor I 
       38, Heron 
       38, Civilian Gatling Pulse Laser 
       38, Firbolg 
       37, Improved Cloaking Device II 
       37, Overdrive Injector System I 
       37, Heavy Pulse Laser II 
       37, EM Ward Field II 
       37, Elemental Crux 
       37, 800mm Repeating Cannon II 
       37, Cap Booster 75 
       36, Targeting Range Dampening Script 
       36, Nanite Compound 
       36, Small Armor Repairer I 
       36, Miner I 
       35, Memory Augmentation - Standard 
       35, Neural Boost - Standard 
       35, Ocular Filter - Standard 
       35, 1MN Afterburner I 
       35, Light Ion Blaster II 
       35, Veldspar Mining Crystal II 
       35, Infrared S 
       35, Scorched Telemetry Processor 
       35, Imperial Navy Radio L 
       35, Imperial Navy Standard L 
       35, Ward Console 
       34, Rocket Launcher II 
       34, Damage Control I 
       34, Scourge Cruise Missile Blueprint 
       34, Nova Cruise Missile Blueprint 
       33, 10MN Microwarpdrive II 
       33, Gauss Field Balancer I 
       33, Inferno Cruise Missile Blueprint 
       32, Small Anti-EM Screen Reinforcer I 
       32, Limited Ocular Filter 
       32, Cybernetic Subprocessor - Standard 
       32, Upgraded 1MN Microwarpdrive I 
       32, Imperial Navy Standard M 
       32, Datacore - Quantum Physics 
       32, Mega Modulated Pulse Energy Beam I 
       31, Ocular Filter - Basic 
       31, Overdrive Injector System II 
       31, Power Diagnostic System II 
       31, Prototype 'Arbalest' Heavy Assault Missile Launcher I 
       31, Mjolnir Cruise Missile Blueprint 
       30, Stasis Webifier I 
       30, Venture 
       30, Scordite Mining Crystal I 
       30, Medium Electrochemical Capacitor Booster I 
       30, Frozen Food 
       30, Alumel-Wired Sensor Augmentation 
       29, Drake 
       29, Small Trimark Armor Pump I 
       29, Scordite Mining Crystal II 
       29, Phased Weapon Navigation Array Generation Extron 
       29, Tracking Computer II 
       29, Gamma S 
       29, XR-3200 Heavy Missile Bay 
       29, Ice Harvester Upgrade II 
       29, 425mm Railgun II 
       28, Radio M 
       28, Small Processor Overclocking Unit I 
       28, Scorch Bomb 
       27, Kestrel 
       27, Medium Anti-Explosive Pump I 
       27, Limited Social Adaptation Chip 
       27, Gamma M 
       27, Medium Anti-Thermal Screen Reinforcer I 
       27, Medium F-S9 Regolith Shield Induction 
       27, Dual Light Beam Laser I 
       27, Kernite Mining Crystal I 
       27, 250mm Railgun II 
       27, Customs Office 
       26, Light Missile Launcher II 
       26, Limited Adaptive Invulnerability Field I 
       26, Templar 
       26, Catalyst 
       26, Expanded Probe Launcher I 
       26, Heavy Modulated Energy Beam I 
       26, Imperial Navy Radio M 
       25, 220mm Medium 'Scout' Autocannon I 
       25, Thrasher 
       25, Hurricane 
       25, Social Adaptation Chip - Basic 
       25, Mobile Tractor Unit 
       25, Faint Warp Disruptor I 
       25, Adaptive Invulnerability Field I 
       25, Vespa I 
       25, Occult Data Interface Blueprint 
       25, Mining Drone II 
       24, Imperial Navy Multifrequency S 
       24, Small Polycarbon Engine Housing I 
       24, Valkyrie I 
       23, 150mm Light 'Scout' Autocannon I 
       23, Mobile Depot 
       23, 1MN Microwarpdrive II 
       23, Warp Core Stabilizer II 
       23, Prototype 100MN Microwarpdrive I 
       23, Small Ancillary Current Router I 
       23, Prototype 'Arbalest' Rapid Light Missile Launcher 
       23, Ultraviolet M 
       23, 280mm Howitzer Artillery I 
       23, Armor Explosive Hardener II 
       23, Datacore - Molecular Engineering 
       23, 125mm Gatling AutoCannon II 
       22, Small Unstable Power Fluctuator I 
       22, Social Adaptation Chip - Standard 
       22, Faint Epsilon Warp Scrambler I 
       22, Cargo Scanner I 
       22, Small Memetic Algorithm Bank I 
       22, Limited 1MN Afterburner I 
       22, Reactive Armor Hardener 
       22, Capital Remote Armor Repairer I 
       22, Scan Rangefinding Array I 
       22, Medium Energy Neutralizer II 
       22, Current Pump 
       22, Medium Ancillary Armor Repairer 
       22, Gleam M 
       22, Prototype 'Arbalest' Light Missile Launcher 
       22, Omnidirectional Tracking Link II 
       21, Phased Muon Sensor Disruptor I 
       21, Mackinaw 
       21, Medium 'Accommodation' Vestment Reconstructer I 
       21, Imicus 
       21, Medium Trimark Armor Pump II 
       21, Ice Harvester II 
       21, Extruded Heat Sink I 
       21, Medium Ice Harvester Accelerator I 
       21, Dual 180mm AutoCannon II 
       21, 'Hypnos' Multispectral ECM I 
       21, Shattered Villard Wheel 
       20, Giant Secure Container 
       20, Rupture 
       20, Small Capacitor Control Circuit I 
       20, Residual Survey Scanner I 
       20, Dairy Products 
       20, Microwave S 
       20, Large Capacitor Control Circuit I 
       20, Gallente Shuttle 
       20, Intact Armor Plates 
       20, EM Ward Amplifier II 
       20, Conductive Polymer 
       20, Limited 'Anointed' EM Ward Field 
       20, Jaspet Mining Crystal I 
       20, Small Emission Scope Sharpener I 
       20, Medium Capacitor Booster II 
       20, 150mm Prototype Gauss Gun 
       20, 650mm Artillery Cannon II 
       20, Inferno Rage Torpedo 
       19, 800mm Reinforced Steel Plates II 
       19, Small Shield Booster I 
       19, Small Armor Repairer II 
       19, Rifter 
       19, Internal Force Field Array I 
       19, Capital Armor Repairer I 
       19, Medium Core Defense Field Purger I 
       19, 800mm Heavy 'Scout' Repeating Cannon I 
       19, Civilian Shield Booster 
       19, Inertia Stabilizers II 
       19, Small Focused Afocal Pulse Maser I 
       19, 'Langour' Drive Disruptor I 
       19, Drone Damage Amplifier I 
       19, 'Integrated' Warrior 
       19, 10MN Microwarpdrive I 
       19, Optical Tracking Computer I 
       19, Medium Armor Maintenance Bot I 
       19, Navy Cap Booster 150 
       18, F-90 Positional Sensor Subroutines 
       18, Warrior SW-300 
       18, Miner II 
       18, 1MN Afterburner II 
       18, Standard S 
       18, Ultraviolet S 
       18, Reactor Control Unit II 
       18, Inertia Stabilizers I 
       18, Absolution 
       17, Beta Reactor Control: Capacitor Power Relay I 
       17, 800mm Reinforced Rolled Tungsten Plates I 
       17, Medium 'Arup' Remote Armor Repairer 
       17, Vexor 
       17, Optimal Range Disruption Script 
       17, Omnidirectional Tracking Link I 
       17, Ballistic Control System I 
       17, Harbinger 
       17, 200mm AutoCannon I 
       17, Coercer 
       17, Small Focused Pulse Laser I 
       17, Beta Reactor Control: Diagnostic System I 
       17, Medium Shield Extender I 
       17, Heavy Anode Pulse Particle Stream I 
       17, 720mm Howitzer Artillery II 
       17, 'Arbalest' Cruise Launcher I 
       17, Amarr Encryption Methods 
       17, 125mm Gatling AutoCannon I 
       17, Tachyon Modulated Energy Beam I 
       16, Dual 150mm Railgun II 
       16, Thorax 
       16, Cargo Scanner II 
       16, Small Tractor Beam I 
       16, Energy Weapon Rigging 
       16, Radio S 
       16, 425mm Medium Prototype Automatic Cannon 
       16, Minmatar Shuttle 
       16, Small I-a Polarized Armor Regenerator 
       16, Enfeebling Phase Inversion ECM I 
       16, Infrared M 
       16, 425mm Medium 'Scout' Autocannon I 
       16, Armor Thermic Hardener II 
       16, Rapid Light Missile Launcher II 
       16, Capital Remote Capacitor Transmitter I 
       16, Scorch L 
       16, Mega Pulse Laser II 
       15, Stabber 
       15, Small Projectile Collision Accelerator I 
       15, Beta Hull Mod Expanded Cargo 
       15, Light Electron Blaster II 
       15, Republic Fleet Bouncer 
       15, 100mm Reinforced Titanium Plates I 
       15, Caracal 
       15, Dual Afocal Pulse Maser I 
       15, Drone Link Augmentor II 
       15, Discovery Survey Probe I 
       15, Omber Mining Crystal I 
       15, 150mm Light AutoCannon II 
       15, Medium Particle Dispersion Augmentor I 
       15, Signal Distortion Amplifier II 
       15, 75mm Gatling Rail I 
       15, 250mm Prototype Gauss Gun 
       15, Datacore - Hydromagnetic Physics 
       15, Cruise Missile Launcher II 
       15, Heavy Armor Maintenance Bot II 
       15, 425mm Prototype Gauss Gun 
       14, Gnosis 
       14, Prototype Energized Adaptive Nano Membrane I 
       14, Cerberus 
       14, 50W Infectious Power System Malfunction 
       14, Medium Core Defense Field Extender II 
       14, Infiltrator I 
       14, Light Ion Blaster I 
       14, Shield Boost Amplifier II 
       14, Heavy Energy Neutralizer II 
       14, Ion Blaster Cannon II 
       14, Tayra 
       14, Scorch S 
       14, Praetor II 
       13, Balmer Series Tracking Disruptor I 
       13, Limited Cybernetic Subprocessor 
       13, 'Arbalest' Rocket Launcher I 
       13, Hulk 
       13, 425mm AutoCannon I 
       13, Genolution Core Augmentation CA-1 
       13, Armor EM Hardener II 
       13, Prototype Freight Sensors 
       13, 50mm Reinforced Nanofiber Plates I 
       13, Rudimentary Ship Scanner I 
       13, Dominix 
       13, Small Shield Extender II 
       13, Capacitor Flux Coil II 
       13, Small Focused Pulse Laser II 
       13, Radio L 
       13, Trigger Unit 
       13, Magnetic Field Stabilizer I 
       13, Small Electrochemical Capacitor Booster I 
       13, Gyrostabilizer I 
       13, Aurora M 
       13, Armor Kinetic Hardener II 
       13, 'Malkuth' Heavy Missile Launcher I 
       13, Heavy Unstable Power Fluctuator I 
       13, 'Halcyon' Core Equalizer I 
       13, Ice Harvester Upgrade I 
       13, Ice Harvester I 
       13, Capital Trimark Armor Pump I 
       13, 1400mm Prototype Siege Cannon 
       12, Medium Remote Armor Repairer II 
       12, 200mm Light Prototype Automatic Cannon 
       12, 400mm Reinforced Rolled Tungsten Plates I 
       12, F85 Peripheral Damage System I 
       12, PL-0 Shipment Probe 
       12, Small Auxiliary Nano Pump I 
       12, Warp Scrambler I 
       12, Medium Diminishing Power System Drain I 
       12, Pseudoelectron Containment Field I 
       12, Limited 'Limos' Light Missile Launcher 
       12, Shield Power Relay II 
       12, Small Ancillary Armor Repairer 
       12, 200mm Reinforced Rolled Tungsten Plates I 
       12, Energized Adaptive Nano Membrane I 
       12, 50mm Reinforced Crystalline Carbonide Plates I 
       12, Medium Shield Booster II 
       12, Patterned Stasis Web I 
       12, Small Hybrid Burst Aerator I 
       12, Tengu 
       12, Covert Cynosural Field Generator I 
       12, Scan Resolution Dampening Script 
       12, Experimental 100MN Afterburner I 
       12, 5W Infectious Power System Malfunction 
       12, Standard L 
       12, Small Focused Modulated Pulse Energy Beam I 
       12, Large Shield Extender I 
       12, Medium Nanobot Accelerator I 
       12, 250mm Light Artillery Cannon II 
       12, Dual Modulated Light Energy Beam I 
       12, Imperial Navy Radio S 
       12, Long-limb Roes 
       12, Small Beam Laser Battery 
       11, Iteron Mark V 
       11, Limited Neural Boost 
       11, Genolution Core Augmentation CA-2 
       11, Photonic CPU Enhancer I 
       11, Xray S 
       11, Sisters Expanded Probe Launcher 
       11, Tornado 
       11, Incursus 
       11, Spatial Attunement Unit 
       11, Heavy Electrochemical Capacitor Booster I 
       11, Imperial Navy Microwave M 
       11, Passive Barrier Compensator I 
       11, Limited Memory Augmentation 
       11, Focused Medium Beam Laser I 
       11, Medium Azeotropic Ward Salubrity I 
       11, Modal Mega Neutron Particle Accelerator I 
       11, Experimental TE-2100 Light Missile Launcher 
       11, 150mm Light AutoCannon I 
       11, XeCl Drilling Beam I 
       11, BZ-5 Neutralizing Spatial Destabilizer ECM 
       11, Small Cargohold Optimization I 
       11, Covert Research Tools 
       11, Conflagration S 
       11, Minmatar Shuttle Blueprint 
       10, Tracking Speed Disruption Script 
       10, X-Large Ancillary Shield Booster 
       10, Manticore 
       10, Radioactive Waste 
       10, Small Diminishing Power System Drain I 
       10, Shield Recharger II 
       10, Navy Cap Booster 100 
       10, Small AutoCannon Battery 
       10, Medium S95a Remote Shield Booster 
       10, Limited Ocular Filter - Beta 
       10, Civilian Afterburner 
       10, Small Low Friction Nozzle Joints I 
       10, Thermic Dissipation Field II 
       10, Small Automated Carapace Restoration 
       10, Survey Scanner I 
       10, Imperial Navy Ultraviolet M 
       10, Punisher 
       10, Small Asymmetric Remote Capacitor Transmitter 
       10, Small Focused Modal Pulse Laser I 
       10, Covetor 
       10, Heavy Beam Laser II 
       10, Large Crates of Frozen Plant Seeds 
       10, F-b10 Nominal Capacitor Regenerator 
       10, 'Umbra' White Noise ECM 
       10, 'Hypnos' Ion Field ECM I 
       10, Myrmidon 
       10, Beta Hull Mod Nanofiber Structure 
       10, 200mm Prototype Gauss Gun 
       10, Capital Capacitor Control Circuit I 
       10, Imperial Navy Curator 
       10, Medium Armor Maintenance Bot II 
       10, Shrapnel Bomb Blueprint 
       10, Dual Light Pulse Laser I 
       10, 'Integrated' Hobgoblin 
       10, Antibiotics 
       10, Wheat 
       10, Caldari Navy Midshipman Insignia I 
        9, Fleeting Progressive Warp Scrambler I 
        9, Small Energy Neutralizer II 
        9, Warp Disruptor I 
        9, Medium Shield Booster I 
        9, Type-D Power Core Modification: Reaction Control 
        9, 10MN Afterburner I 
        9, Medium Rudimentary Energy Destabilizer I 
        9, 125mm Railgun I 
        9, Small Mobile Siphon Unit 
        9, Medium Ancillary Shield Booster 
        9, 125mm Railgun II 
        9, Heavy Capacitor Booster II 
        9, Limited 'Limos' Heavy Assault Missile Launcher I 
        9, Small Nosferatu II 
        9, Medium Anti-Explosive Screen Reinforcer I 
        9, Dual Anode Pulse Particle Stream I 
        9, Upgraded 'Malkuth' Torpedo Launcher 
        9, Mammoth 
        9, Large Shield Booster II 
        9, 220mm Medium Prototype Automatic Cannon 
        9, Hound 
        9, Large Micro Jump Drive Blueprint 
        9, Target Spectrum Breaker Blueprint 
        9, Tengu Electronics - Dissolution Sequencer 
        9, Executioner 
        9, Sansha Silver Tag 
        9, Maller 
        9, Small Auxiliary Thrusters I 
        9, 100mm Reinforced Nanofiber Plates I 
        9, Brutix 
        9, Imperial Navy Gamma M 
        9, Occult Tuner Data Interface Blueprint 
        9, Salvager II 
        9, Navitas 
        9, 'Limos' Rocket Launcher I 
        9, Ultraviolet L 
        9, Dual Modulated Heavy Energy Beam I 
        9, Eutectic Capacitor Charge Array 
        9, Imperial Navy Energized Adaptive Nano Membrane 
        9, Medium 'Solace' Remote Armor Repairer 
        9, Energized Explosive Membrane II 
        9, ECM - Ion Field Projector II 
        9, Infiltrator TD-600 
        9, Acolyte TD-300 
        9, Hobgoblin SD-300 
        8, Corpse 
        8, Exequror 
        8, OE-5200 Rocket Launcher 
        8, Small Anti-Explosive Pump I 
        8, 'Stoic' Core Equalizer I 
        8, Pneumatic Stabilization Actuator I 
        8, Co-Processor I 
        8, Poteque 'Prospector' Astrometric Rangefinding AR-802 
        8, Clone Soldier Transporter Tag 
        8, Small Capacitor Booster II 
        8, Large S95a Remote Shield Booster 
        8, Medium Shield Maintenance Bot I 
        8, 100mm Reinforced Rolled Tungsten Plates I 
        8, Initiated Warp Disruptor I 
        8, Dual Light Beam Laser II 
        8, Heat Sink I 
        8, Omen 
        8, Light Neutron Blaster I 
        8, 150mm Carbide Railgun I 
        8, Festival Launcher 
        8, Medium Capacitor Control Circuit II 
        8, 200mm Reinforced Titanium Plates I 
        8, Prototype ECCM Radar Sensor Cluster 
        8, Small Coaxial Remote Armor Repairer 
        8, Claw 
        8, 50mm Reinforced Titanium Plates I 
        8, Imperial Navy Microwave L 
        8, Prophecy 
        8, 150mm Railgun II 
        8, Buzzard 
        8, Small Tractor Beam II 
        8, Megathron 
        8, Plastic Wrap 
        8, Cap Booster 25 Blueprint 
        8, Reactive Armor Hardener Blueprint 
        8, Large Micro Jump Drive 
        8, Archon 
        8, Energy Neutralizing Battery 
        8, Armor Rigging 
        8, Arkonor Mining Crystal I 
        8, Proteus 
        8, Blood Multifrequency S 
        8, Local Hull Conversion Nanofiber Structure I 
        8, Tachyon Beam Laser II 
        8, Aurora L 
        8, Gleam L 
        8, Dual 425mm AutoCannon II 
        8, Cap Booster 150 
        8, Conflagration L 
        7, 720mm Prototype Siege Cannon 
        7, Small Rudimentary Energy Destabilizer I 
        7, Medium YF-12a Smartbomb 
        7, Clone Soldier Recruiter Tag 
        7, Cybernetic Subprocessor - Improved 
        7, Memory Augmentation - Improved 
        7, Capital Remote Shield Booster I 
        7, Capacitor Power Relay I 
        7, Limited Social Adaptation Chip - Beta 
        7, Hemorphite Mining Crystal II 
        7, Initiated Harmonic Warp Scrambler I 
        7, Slasher 
        7, Small I-b Polarized Structural Regenerator 
        7, Nemesis 
        7, Light Electron Blaster I 
        7, Inherent Implants 'Squire' Engineering EG-603 
        7, Medium Projectile Burst Aerator I 
        7, Republic Fleet Warp Disruptor 
        7, Small Tapered Capacitor Infusion I 
        7, Low Frequency Sensor Suppressor I 
        7, 'Skadi' Coolant System I 
        7, Algos 
        7, Bestower 
        7, Thermic Dissipation Amplifier II 
        7, Small Shield Extender I 
        7, Medium Supplemental Barrier Emitter I 
        7, Standard Exile Booster 
        7, Sisters Core Probe Launcher 
        7, Tempest 
        7, Federation Navy Stasis Webifier 
        7, 650mm Medium 'Scout' Artillery I 
        7, Amarr Shuttle 
        7, Reinforced Bulkheads II 
        7, 280mm Howitzer Artillery II 
        7, Hemorphite Mining Crystal I 
        7, Advanced 'Limos' Heavy Missile Bay I 
        7, Dual 180mm 'Scout' Autocannon I 
        7, Electron Bomb 
        7, Small Projectile Burst Aerator I 
        7, Bantam 
        7, Medium Anti-EM Screen Reinforcer II 
        7, 'Hypnos' Signal Distortion Amplifier I 
        7, Medium 'Regard' Remote Capacitor Transmitter 
        7, Cryptic Augmentation 
        7, Heat Dissipation Array 
        7, Oracle 
        7, Torpedo Launcher II 
        7, Gas Cloud Harvester I 
        7, DDO Photometry Tracking Disruptor I 
        7, ECM - Phase Inverter II 
        7, ECM - White Noise Generator II 
        7, Telemetry Processor 
        7, Firbolg Blueprint 
        7, 200mm Light Carbine Repeating Cannon I 
        7, 1400mm Howitzer Artillery I 
        6, Malediction 
        6, Beta Reactor Control: Capacitor Flux I 
        6, Power Diagnostic System I 
        6, Small Ohm Capacitor Reserve I 
        6, Medium Armor Repairer I 
        6, Viator 
        6, Merlin 
        6, Ishtar 
        6, Small C5-L Emergency Shield Overload I 
        6, Small Capacitor Booster I 
        6, Small Rudimentary Concussion Bomb I 
        6, Faint Phase Inversion ECM I 
        6, Dual Diode Mining Laser I 
        6, 200mm Reinforced Steel Plates II 
        6, Corax 
        6, Cap Recharger I 
        6, Small Ionic Field Projector I 
        6, Medium Cargohold Optimization II 
        6, Medium Energy Collision Accelerator I 
        6, Medium Anti-Thermic Pump I 
        6, Jaspet Mining Crystal II 
        6, Rhea 
        6, Compressed Dark Glitter Blueprint 
        6, Ship Maintenance Array 
        6, Scythe 
        6, Emergency Damage Control I 
        6, 500W Infectious Power System Malfunction 
        6, Small Shield Booster II 
        6, Bomb Launcher I 
        6, Dual Modal Light Laser I 
        6, Exotic Dancers, Female 
        6, Jury Rigging 
        6, Tengu Engineering - Augmented Capacitor Reservoir 
        6, Large 'Accommodation' Vestment Reconstructer I 
        6, Small Brief Capacitor Overcharge I 
        6, Limited Cybernetic Subprocessor - Beta 
        6, Mark I Generator Refitting: Diagnostic System 
        6, Plasma Command Center 
        6, Caldari Navy Ballistic Control System 
        6, Tengu Defensive - Supplemental Screening 
        6, Tengu Offensive - Accelerated Ejection Bay 
        6, Suppressed Targeting System I 
        6, Lorentz Fluid 
        6, 'Accord' Core Compensation 
        6, Republic Fleet Gyrostabilizer 
        6, Dual Modal Pulse Laser I 
        6, Caldari Shuttle 
        6, Scan Pinpointing Array I 
        6, Scan Acquisition Array I 
        6, Fourier Transform Tracking Program 
        6, Falcon 
        6, Medium C5-L Emergency Shield Overload I 
        6, Epithal 
        6, Burst 
        6, Crucifier 
        6, Upgraded 'Malkuth' Light Missile Launcher 
        6, Dual 650mm Repeating Cannon II 
        6, Small Ancillary Shield Booster 
        6, Cryptic Parity 
        6, Small Artillery Battery 
        6, Wasp I 
        6, 280mm Gallium Cannon 
        6, Small Targeting Systems Stabilizer I 
        6, Advanced Target Management 
        6, Federation Navy Ogre 
        6, Large Core Defense Field Extender I 
        6, True Sansha Energized Adaptive Nano Membrane 
        6, Scorch Bomb Blueprint 
        6, Gallente Mining Laser 
        6, Photon Scattering Array 
        6, Rapid Heavy Missile Launcher II 
        6, Modal Neutron Particle Accelerator I 
        6, Experimental XT-2800 Heavy Assault Missile Launcher I 
        6, 800mm Repeating Cannon I 
        6, 1400mm 'Scout' Artillery I 
        6, Domination Rapid Light Missile Launcher 
        6, Drake Blueprint 
        5, Inherent Implants 'Highwall' Mining MX-1003 
        5, Counterbalanced Weapon Mounts I 
        5, Rapid Light Missile Launcher I 
        5, 100mm Reinforced Crystalline Carbonide Plates I 
        5, Anode Light Electron Particle Cannon I 
        5, Zainou 'Gnome' Shield Management SM-703 
        5, Local Power Plant Manager: Reaction Control I 
        5, Experimental Explosive Plating I 
        5, Ocular Filter - Improved 
        5, Neural Boost - Improved 
        5, Thanatos 
        5, Omber Mining Crystal II 
        5, Mining Foreman Link - Harvester Capacitor Efficiency II 
        5, Small Standard Container 
        5, Medium Partial E95b Remote Capacitor Transmitter 
        5, Miasmos 
        5, Small 'Hope' Hull Reconstructor I 
        5, Dual Modulated Pulse Energy Beam I 
        5, Mobile Small Warp Disruptor I 
        5, Partial Weapon Navigation 
        5, Medium Projectile Collision Accelerator I 
        5, Helios 
        5, Type-D Power Core Modification: Diagnostic System 
        5, Barton Reactor Capacitor Recharger I 
        5, Small Rocket Fuel Cache Partition I 
        5, Tengu Offensive - Covert Reconfiguration 
        5, True Sansha Warp Scrambler 
        5, Medium Murky Remote Capacitor Transmitter 
        5, C4S Coiled Circuit Thermal Radiator 
        5, Crow 
        5, Medium I-b Polarized Structural Regenerator 
        5, Small Converse Deflection Catalyzer 
        5, Large 'Vehemence' Shockwave Charge 
        5, Limited Neural Boost - Beta 
        5, Imperial Navy Xray M 
        5, Upgraded Energized Adaptive Nano Membrane I 
        5, Medium I-a Polarized Armor Regenerator 
        5, Small Core Defense Field Purger I 
        5, Small YF-12a Smartbomb 
        5, Poteque 'Prospector' Astrometric Pinpointing AP-602 
        5, Sensor Booster I 
        5, Loki 
        5, Loki Offensive - Covert Reconfiguration 
        5, Heavy Rudimentary Energy Destabilizer I 
        5, Medium Brief Capacitor Overcharge I 
        5, Quad Light Beam Laser I 
        5, Fleeting Warp Disruptor I 
        5, Prototype Armor Thermic Hardener I 
        5, Xray L 
        5, Cyclone 
        5, Large Ancillary Shield Booster 
        5, Experimental Energized Adaptive Nano Membrane I 
        5, ML-3 Amphilotite Mining Probe 
        5, Warrior TP-300 
        5, Tengu Propulsion - Fuel Catalyst 
        5, Dual Afocal Light Maser I 
        5, Large Anti-Explosive Pump I 
        5, Condor 
        5, Modulated Deep Core Strip Miner II 
        5, Warrior I Blueprint 
        5, 250mm Light Artillery Cannon I 
        5, 75mm Prototype Gauss Gun 
        5, Small Focused Modal Laser I 
        5, 200mm Reinforced Nanofiber Plates I 
        5, Beta Reactor Control: Reaction Control I 
        5, Hedbergite Mining Crystal I 
        5, Blackbird 
        5, Civilian Stasis Webifier 
        5, Dual 150mm 'Scout' Accelerator Cannon 
        5, Medium Semiconductor Memory Cell I 
        5, Small 'Accommodation' Vestment Reconstructer I 
        5, Small 'Ghoul' Energy Siphon I 
        5, Medium Low Friction Nozzle Joints I 
        5, Relic Analyzer II 
        5, Medium Warhead Calefaction Catalyst I 
        5, Purifier 
        5, 1600mm Reinforced Crystalline Carbonide Plates I 
        5, Large 'Notos' Explosive Charge I 
        5, Focused Modulated Medium Energy Beam I 
        5, Kinetic Deflection Field II 
        5, Medium Auxiliary Thrusters I 
        5, Parallel Weapon Navigation Transmitter 
        5, Languid Phase Inversion ECM I 
        5, 'Refuge' Adaptive Nano Plating I 
        5, Microwave M 
        5, Proteus Defensive - Augmented Plating 
        5, Small F-S9 Regolith Shield Induction 
        5, Cryptic Data Interface Blueprint 
        5, Local Hull Conversion Inertial Stabilizers I 
        5, Heavy 'Gremlin' Power Core Disruptor I 
        5, Crates of Small Arms 
        5, Explosive Deflection Field II 
        5, Angel Diamond Tag 
        5, Carbonized Lead M Blueprint 
        5, Livestock 
        5, Ballistic Deflection Array 
        5, Gatling Pulse Laser I 
        5, Modal Ion Particle Accelerator I 
        5, Warp Disruption Battery 
        5, 250mm Railgun I 
        5, Anode Electron Particle Cannon I 
        5, Wasp II 
        5, Drone Control Unit I 
        5, Modal Electron Particle Accelerator I 
        5, Small Focused Beam Laser I 
        5, Quad Light Beam Laser II 
        5, Caldari Navy Hornet 
        5, 8th Tier Overseer's Personal Effects 
        5, Caldari Navy Warden 
        5, 75mm Gatling Rail II 
        4, Nanomechanical CPU Enhancer I 
        4, Enyo 
        4, Astero 
        4, Capsule - Genolution 'Auroral' 197-variant 
        4, Medium Sentry Damage Augmentor I 
        4, 1600mm Reinforced Nanofiber Plates I 
        4, 250mm Compressed Coil Gun I 
        4, Mark I Generator Refitting: Reaction Control 
        4, Medium Automated Structural Restoration 
        4, Social Adaptation Chip - Improved 
        4, Inherent Implants 'Highwall' Mining MX-1005 
        4, Peripheral Weapon Navigation Diameter 
        4, Civilian Relic Analyzer 
        4, Local Power Plant Manager: Capacity Power Relay I 
        4, Magnetic Vortex Stabilizer I 
        4, Small Targeting System Subcontroller I 
        4, Large Remote Capacitor Transmitter II 
        4, Large Remote Armor Repairer II 
        4, Legion 
        4, Small Energy Collision Accelerator I 
        4, Medium AutoCannon Battery 
        4, Mining Foreman Link - Laser Optimization II 
        4, Medium Anti-Kinetic Screen Reinforcer I 
        4, Target Painter II 
        4, Small Focused Beam Laser II 
        4, Zainou 'Gnome' Weapon Upgrades WU-1003 
        4, Small Hydraulic Bay Thrusters I 
        4, Small Bay Loading Accelerator I 
        4, Small Warhead Calefaction Catalyst I 
        4, 400mm Reinforced Steel Plates I 
        4, Large Projectile Collision Accelerator I 
        4, Tracking Enhancer I 
        4, Dragoon 
        4, Stabber Fleet Issue 
        4, True Sansha Warp Disruptor 
        4, Small Supplemental Barrier Emitter I 
        4, Pithum C-Type Medium Shield Booster 
        4, Tengu Defensive - Amplification Node 
        4, Upgraded EM Ward Amplifier I 
        4, Halting Phase Inversion ECM I 
        4, Medium 'Ghoul' Energy Siphon I 
        4, Procurer 
        4, Microwave L 
        4, 1600mm Reinforced Titanium Plates I 
        4, Small Inefficient Hull Repair Unit 
        4, Heavy Modal Pulse Laser I 
        4, 400mm Reinforced Nanofiber Plates I 
        4, Limited Thermic Plating I 
        4, Medium I-ax Remote Armor Repairer 
        4, Survey Probe Launcher I 
        4, Poteque 'Prospector' Astrometric Acquisition AQ-702 
        4, Small Anti-Thermal Screen Reinforcer I 
        4, Stratios 
        4, Large YF-12a Smartbomb 
        4, Abaddon 
        4, Negotiation 
        4, Hacking 
        4, 425mm Medium Gallium Machine Gun 
        4, Sigma-Nought Tracking Mode I 
        4, Inherent Implants 'Noble' Hull Upgrades HG-1003 
        4, Federation Navy Midshipman Insignia III 
        4, Hurricane Fleet Issue 
        4, E5 Prototype Energy Vampire 
        4, Corelum C-Type 10MN Afterburner 
        4, Medium Anti-Kinetic Pump I 
        4, Conductive Thermoplastic 
        4, Limited Memory Augmentation - Beta 
        4, Bastion Module I 
        4, Sanshas Standard M 
        4, Sanshas Multifrequency M 
        4, Heavy Neutron Blaster I 
        4, Sanshas Microwave M 
        4, Sleipnir 
        4, Medium 'Gattotte' Capacitor Booster 
        4, Caldari Navy Cruise Missile Launcher 
        4, Anathema 
        4, Small Nosferatu I 
        4, Clone Soldier Trainer Tag 
        4, Harpy 
        4, Plagioclase Mining Crystal I 
        4, Warp Scrambling Battery 
        4, Spatial Destabilization Battery 
        4, 50mm Reinforced Rolled Tungsten Plates I 
        4, Small 'Knave' Energy Drain 
        4, Zainou 'Gypsy' Electronics EE-603 
        4, Heavy Electron Blaster I 
        4, Dark Ochre Mining Crystal I 
        4, Crokite Mining Crystal I 
        4, F-392 Baker Nunn Tracking Disruptor I 
        4, Astrometric Pinpointing 
        4, Medium Secure Container 
        4, Data Analyzer II 
        4, Tengu Engineering - Capacitor Regeneration Matrix 
        4, Tengu Propulsion - Intercalated Nanofibers 
        4, Plagioclase Mining Crystal II 
        4, Medium Bay Loading Accelerator I 
        4, Cu Vapor Particle Bore Stream I 
        4, Heavy 'Ghoul' Energy Siphon I 
        4, Medium Asymmetric Remote Capacitor Transmitter 
        4, Focused Modulated Pulse Energy Beam I 
        4, Griffin 
        4, Drone Navigation Computer I 
        4, Breacher 
        4, Large C5-L Emergency Shield Overload I 
        4, 100MN Afterburner I 
        4, Large Armor Repairer II 
        4, Concussion Bomb 
        4, Small Automated Structural Restoration 
        4, Expanded Probe Launcher II 
        4, Industry 
        4, Small Murky Remote Capacitor Transmitter 
        4, Drone Sharpshooting 
        4, Small Projectile Locus Coordinator I 
        4, Remote Sensor Booster II 
        4, Cryptic Accelerant 
        4, Cryptic Process 
        4, Medium Peroxide Capacitor Power Cell 
        4, Heavy Afocal Maser I 
        4, Sabre 
        4, Interdiction Sphere Launcher I 
        4, 400mm Reinforced Titanium Plates I 
        4, 'Arbalest' Rapid Heavy Missile Launcher I 
        4, Small Ld-Acid Capacitor Battery I 
        4, Republic Fleet Ballistic Control System 
        4, Proteus Electronics - Friction Extension Processor 
        4, ECM - Multispectral Jammer II 
        4, Ice Command Center 
        4, Datacore - Rocket Science 
        4, Void Bomb Blueprint 
        4, Concussion Bomb Blueprint 
        4, Electron Bomb Blueprint 
        4, Explosion Dampening Array 
        4, Target Painter I 
        4, Stasis Webification Battery 
        4, Moon Harvesting Array 
        4, Silo 
        4, Tracking Computer I 
        4, Medium Core Defense Field Purger II 
        4, Shield Boost Amplifier I 
        4, Medium Drone Mining Augmentor I 
        4, Medium Particle Dispersion Projector I 
        4, Naga 
        4, Small Focused Modulated Energy Beam I 
        4, Acolyte EV-300 
        4, Dual 180mm Prototype Automatic Cannon 
        4, Small Secure Container 
        4, 150mm Compressed Coil Gun I 
        4, 220mm Medium Carbine Repeating Cannon I 
        4, Dual 150mm Prototype Gauss Gun 
        4, Upgraded 'Malkuth' Rapid Light Missile Launcher 
        4, Focused Modal Pulse Laser I 
        4, Medium Pulse Laser Battery 
        4, Medium Beam Laser Battery 
        3, Fixed Parallel Link-Capacitor I 
        3, Medium 'Knave' Energy Drain 
        3, Type-D Altered SS Nanofiber Structure 
        3, Limited Explosive Deflection Field I 
        3, Induced Multispectral ECM I 
        3, Medium Hybrid Burst Aerator I 
        3, Limited Energized Explosive Membrane I 
        3, Mark I Modified SS Reinforced Bulkheads 
        3, Gistii B-Type Small Shield Booster 
        3, 150mm 'Scout' Accelerator Cannon 
        3, EP-S Gaussian Excavation Pulse 
        3, Civilian Data Analyzer 
        3, Proof of Discovery: Gas Passkey 
        3, Cheetah 
        3, Zainou 'Gypsy' Electronics EE-601 
        3, Drake Navy Issue 
        3, Maulus 
        3, Atron 
        3, Rorqual 
        3, Industrial Core I 
        3, Clone Vat Bay I 
        3, Capital Cargohold Optimization I 
        3, Mining Foreman Link - Mining Laser Field Enhancement II 
        3, True Sansha Silver Tag 
        3, Small I-ax Remote Armor Repairer 
        3, Gatling Anode Particle Stream I 
        3, Zainou 'Deadeye' Small Hybrid Turret SH-603 
        3, Eifyr and Co. 'Gunslinger' Surgical Strike SS-903 
        3, Zainou 'Gnome' Shield Operation SP-903 
        3, Minmatar Freedom Fighter Insignia I 
        3, Local Hull Conversion Overdrive Injector I 
        3, Scimitar 
        3, Medium Ancillary Armor Repairer Blueprint 
        3, Heavy Anode Particle Stream I 
        3, Shrapnel Bomb 
        3, Crane 
        3, Rapier 
        3, Focused Afocal Medium Maser I 
        3, Medium 'Gremlin' Power Core Disruptor I 
        3, Local Power Plant Manager: Diagnostic System I 
        3, Upgraded EM Plating I 
        3, Small F-4a Ld-Sulfate Capacitor Charge Unit 
        3, Micro Auxiliary Power Core II 
        3, Limited Armor EM Hardener I 
        3, Medium Salvage Tackle I 
        3, Limited Armor Kinetic Hardener I 
        3, Large Asymmetric Remote Capacitor Transmitter 
        3, Sanshas Infrared S 
        3, Zainou 'Deadeye' Sharpshooter ST-903 
        3, Medium Rudimentary Concussion Bomb I 
        3, Extra Radar ECCM Scanning Array I 
        3, 400mm Reinforced Crystalline Carbonide Plates I 
        3, Medium F-RX Prototype Capacitor Boost 
        3, Conjunctive Radar ECCM Scanning Array I 
        3, Focused Modal Medium Laser I 
        3, Small Hybrid Metastasis Adjuster I 
        3, Republic Fleet Firetail 
        3, Loki Defensive - Adaptive Shielding 
        3, Large Ancillary Current Router I 
        3, 'Grail' Layered Plating I 
        3, Limited Energized Armor Layering Membrane I 
        3, Heavy Modal Laser I 
        3, Retail 
        3, Contracting 
        3, Material Efficiency 
        3, Mass Production 
        3, 720mm Carbine Howitzer I 
        3, Small Warhead Rigor Catalyst I 
        3, Binary Transpositional Code 
        3, Reserve RADAR Scanners 
        3, Medium Warhead Rigor Catalyst II 
        3, Medium Warhead Rigor Catalyst I 
        3, Large Ancillary Armor Repairer Blueprint 
        3, Type-D Altered SS Overdrive Injector 
        3, Local Hull Conversion Expanded Cargo I 
        3, Leopard 
        3, 800mm Reinforced Titanium Plates I 
        3, Inherent Implants 'Yeti' Ice Harvesting IH-1003 
        3, Improved Drop Booster 
        3, True Sansha Small EMP Smartbomb 
        3, Large Auxiliary Nano Pump I 
        3, Surface Cargo Scanner I 
        3, Gatling Modal Laser I 
        3, Basic Expanded Cargohold 
        3, Medium Anti-Kinetic Screen Reinforcer II 
        3, Medium Core Defense Capacitor Safeguard II 
        3, Large Core Defense Field Purger I 
        3, Beta Reactor Control: Shield Flux I 
        3, Nanoelectrical Co-Processor 
        3, EMP L Blueprint 
        3, EMP M Blueprint 
        3, Cynabal 
        3, Conjunctive Magnetometric ECCM Scanning Array I 
        3, Phase Inversion Battery 
        3, Prorator 
        3, Shield Recharger I 
        3, Medium Projectile Metastasis Adjuster I 
        3, 'Regard' Remote Capacitor Transmitter 
        3, Small Partial E95a Remote Capacitor Transmitter 
        3, ECCM - Gravimetric II 
        3, Limited Energized Adaptive Nano Membrane I 
        3, Limited Armor Thermic Hardener I 
        3, Gas Command Center 
        3, Infrared L 
        3, Inherent Implants 'Squire' Energy Management EM-803 
        3, Inherent Implants 'Squire' Energy Systems Operation EO-603 
        3, X-Large Ancillary Shield Booster Blueprint 
        3, Medium Energy Neutralizer I 
        3, 'Dactyl' Type-E Asteroid Analyzer 
        3, Medium Automated Carapace Restoration 
        3, 5th Tier Overseer's Personal Effects 
        3, Prototype Armor Kinetic Hardener I 
        3, Medium Ohm Capacitor Reserve I 
        3, 'Element' Kinetic Plating I 
        3, 800mm Reinforced Nanofiber Plates I 
        3, Deimos 
        3, Ion Siege Blaster Cannon I 
        3, Dual Giga Pulse Laser I 
        3, Multifrequency XL 
        3, Radio XL 
        3, Standard XL 
        3, Blood Standard XL 
        3, Medium Standard Container 
        3, Dual Light Pulse Laser II 
        3, Upgraded Adaptive Nano Plating I 
        3, Zainou 'Gypsy' Electronics Upgrades EU-601 
        3, 200mm Light Gallium Machine Gun 
        3, Medium Projectile Ambit Extension I 
        3, 200mm Reinforced Crystalline Carbonide Plates I 
        3, Civilian EM Ward Field 
        3, Zor's Custom Navigation Hyper-Link 
        3, Armor EM Hardener I 
        3, Imperial Navy Heat Sink 
        3, Medium Gravity Capacitor Upgrade I 
        3, 100MN Microwarpdrive II 
        3, Heavy Missiles 
        3, Dual Anode Light Particle Stream I 
        3, Regulated Light Neutron Phase Cannon I 
        3, Medium Hyperspatial Velocity Optimizer II 
        3, Proteus Engineering - Capacitor Regeneration Matrix 
        3, Proteus Propulsion - Gravitational Capacitor 
        3, Tristan 
        3, Capital Shield Booster I 
        3, Command Processor I 
        3, Cryptic Symmetry 
        3, Dread Guristas Warp Disruptor 
        3, Augoror 
        3, Upgraded Armor Thermic Hardener I 
        3, Large Ld-Acid Capacitor Battery I 
        3, Regulated Mega Neutron Phase Cannon I 
        3, Large Warhead Rigor Catalyst I 
        3, Federation Navy Omnidirectional Tracking Link 
        3, ECM - Spatial Destabilizer II 
        3, Medium Anti-EM Pump I 
        3, 150mm Light Prototype Automatic Cannon 
        3, Bomb Launcher I Blueprint 
        3, Medium Nosferatu II 
        3, Temperate Command Center 
        3, Dragonfly Blueprint 
        3, Inquisitor 
        3, True Sansha Medium Capacitor Booster 
        3, Pithi A-Type Small Remote Shield Booster 
        3, Small Remote Shield Booster II 
        3, Small Remote Armor Repairer II 
        3, FZ-3 Subversive Spatial Destabilizer ECM 
        3, Large Processor Overclocking Unit I 
        3, Proteus Offensive - Hybrid Propulsion Armature 
        3, Signal Amplifier II 
        3, Raven 
        3, Large Anti-EM Screen Reinforcer I 
        3, Medium Targeting System Subcontroller I 
        3, Dragonfly 
        3, Medium Egress Port Maximizer I 
        3, Orca 
        3, Experimental ZW-4100 Torpedo Launcher 
        3, 200mm Railgun II 
        3, Small Energy Locus Coordinator I 
        3, Large Cargohold Optimization I 
        3, 9th Tier Overseer's Personal Effects 
        3, Traffic Management Passkey 
        3, Praetor I 
        2, Medium Remote Repair Augmentor I 
        2, 800mm Reinforced Crystalline Carbonide Plates I 
        2, Linked Remote Sensor Booster 
        2, Small Hybrid Locus Coordinator I 
        2, Explosive Plating II 
        2, Vagabond 
        2, Talwar 
        2, 'Cetus' ECM Shockwave I 
        2, Medium Hyperspatial Velocity Optimizer I 
        2, Zainou 'Beancounter' Research RR-603 
        2, Anode Light Ion Particle Cannon I 
        2, Moa 
        2, 280mm Carbine Howitzer I 
        2, Medium Asymmetric Remote Shield Booster 
        2, 'Spiegel' EM Plating I 
        2, Small Capacitor Battery II 
        2, Bantam Blueprint 
        2, Clearance Documents 
        2, Upgraded Energized Armor Layering Membrane I 
        2, Talos 
        2, Rokh 
        2, Small Clarity Ward Booster I 
        2, Sensor Dampening Battery 
        2, Ta3 Perfunctory Vessel Probe 
        2, Legion Defensive - Augmented Plating 
        2, Legion Electronics - Energy Parasitic Complex 
        2, Legion Propulsion - Chassis Optimization 
        2, Adaptive Nano Plating I 
        2, Corporate Hangar Array 
        2, Osprey 
        2, Pithum B-Type Medium Remote Shield Booster 
        2, Arbitrator 
        2, Vengeance 
        2, Small Nanobot Accelerator I 
        2, Sanshas Radio S 
        2, Large Partial E95c Remote Capacitor Transmitter 
        2, Small Inefficient Armor Repair Unit 
        2, EM Ward Field I 
        2, Thermic Dissipation Field I 
        2, Cross-Lateral Gyrostabilizer I 
        2, Token of Submission 
        2, Republic Fleet Private Insignia I 
        2, Quad Afocal Light Maser I 
        2, Machariel 
        2, Heavy Diminishing Power System Drain I 
        2, Medium Anti-Thermal Screen Reinforcer II 
        2, Zor's Custom Navigation Link 
        2, Small Neutron Saturation Injector I 
        2, Small F-RX Prototype Capacitor Boost 
        2, Large I-b Polarized Structural Regenerator 
        2, Large I-a Polarized Armor Regenerator 
        2, Caldari Navy Small Shield Extender 
        2, Arazu 
        2, Bookmark 
        2, Harbinger Navy Issue 
        2, Noctis 
        2, Experimental Thermic Plating I 
        2, E500 Prototype Energy Vampire 
        2, Inherent Implants 'Squire' Engineering EG-601 
        2, 'Collateral' Adaptive Nano Plating I 
        2, Upgraded Energized Explosive Membrane I 
        2, Warded Radar Backup Cluster I 
        2, Experimental Energized Kinetic Membrane I 
        2, Ionic Field Accelerator I 
        2, Loki Electronics - Tactical Targeting Network 
        2, Loki Engineering - Capacitor Regeneration Matrix 
        2, Mega Anode Particle Stream I 
        2, Limited Energized Kinetic Membrane I 
        2, Experimental Kinetic Plating I 
        2, Prototype Armor EM Hardener I 
        2, Salvaging 
        2, Archaeology 
        2, Datacore - Basic Civilian Tech 
        2, Wreathe 
        2, Barren Command Center 
        2, Dual Heavy Afocal Pulse Maser I 
        2, Type-D Power Core Modification: Shield Power Relay 
        2, Upgraded Kinetic Plating I 
        2, Eifyr and Co. 'Rogue' Fuel Conservation FC-801 
        2, Zainou 'Deadeye' Medium Hybrid Turret MH-805 
        2, Eifyr and Co. 'Rogue' Evasive Maneuvering EM-703 
        2, Layered Plating II 
        2, Kinetic Deflection Amplifier II 
        2, Nanoelectrical Co-Processor I 
        2, Standard Drop Booster 
        2, Energized Thermic Membrane II 
        2, Small Anti-Thermic Pump I 
        2, Upgraded Energized Kinetic Membrane I 
        2, Large Anti-EM Pump I 
        2, Berserker I 
        2, EM Ward Amplifier I 
        2, Federation Navy Comet 
        2, Small Hull Repairer I 
        2, Vargur 
        2, Imperial Navy Heavy Capacitor Booster 
        2, Dread Guristas Stasis Webifier 
        2, Loki Engineering - Power Core Multiplier 
        2, True Sansha Adaptive Nano Plating 
        2, True Sansha Heavy Capacitor Booster 
        2, Electron Blaster Cannon II 
        2, Core X-Type Large Armor Repairer 
        2, Hawk 
        2, Civilian Armor Repairer 
        2, Charon 
        2, Dread Guristas Warp Scrambler 
        2, Standard Blue Pill Booster 
        2, Rattlesnake 
        2, Dread Guristas Kinetic Deflection Field 
        2, Heavy Assault Missiles 
        2, Large Capacitor Battery II 
        2, Scourge Heavy Missile Blueprint 
        2, Phased Plasma L Blueprint 
        2, Fusion L Blueprint 
        2, Expanded Cargohold I Blueprint 
        2, Phased Plasma M Blueprint 
        2, Inherent Implants 'Lancer' Large Energy Turret LE-1003 
        2, Eifyr and Co. 'Rogue' Acceleration Control AC-603 
        2, Domination Thermic Dissipation Amplifier 
        2, Domination Explosive Deflection Amplifier 
        2, Domination EM Ward Amplifier 
        2, Republic Fleet Midshipman Insignia I 
        2, 425mm Medium Carbine Repeating Cannon I 
        2, Limited Thermic Dissipation Field I 
        2, Covert Ops 
        2, Bomb Deployment 
        2, Spodumain Mining Crystal I 
        2, Civilian Salvager 
        2, Medium Emission Scope Sharpener I 
        2, Medium Memetic Algorithm Bank I 
        2, Wolf 
        2, Coreli A-Type Thermic Plating 
        2, True Sansha Copper Tag 
        2, Tengu Electronics - Emergent Locus Analyzer 
        2, Mobile Laboratory 
        2, Small Ancillary Shield Booster Blueprint 
        2, Zainou 'Beancounter' Refining RX-802 
        2, Limited Adaptive Nano Plating I 
        2, Vigilant 
        2, Shadow Serpentis Energized Adaptive Nano Membrane 
        2, Centum C-Type Medium Armor Repairer 
        2, 7th Tier Overseer's Personal Effects 
        2, Small Particle Dispersion Augmentor I 
        2, Elara Mining Laser Upgrade 
        2, Projectile Weapon Rigging 
        2, Upgraded Thermic Dissipation Amplifier I 
        2, Medium Energy Locus Coordinator I 
        2, Medium Auxiliary Nano Pump II 
        2, 150mm Light Carbine Repeating Cannon I 
        2, Siege Module II 
        2, Limited Energized EM Membrane I 
        2, 100MN Afterburner II 
        2, Medium Artillery Battery 
        2, Shield Power Relay I 
        2, Sarum Magnate 
        2, 'Malkuth' Rocket Launcher I 
        2, Mark I Modified SS Expanded Cargo 
        2, F-aQ Phase Code Tracking Subroutines 
        2, Gallente Cruiser 
        2, Gallente Battleship 
        2, 100MN Microwarpdrive I 
        2, Celestis 
        2, Ares 
        2, Inherent Implants 'Highwall' Mining MX-1001 
        2, Large Armor Repairer I 
        2, Medium Remote Armor Repairer I 
        2, Crusader 
        2, Eifyr and Co. 'Rogue' High Speed Maneuvering HS-903 
        2, Synth Blue Pill Booster 
        2, Gatling Modulated Energy Beam I 
        2, Large Remote Repair Augmentor I 
        2, Medium Drone Control Range Augmentor I 
        2, Mining Director 
        2, Prototype Energized Thermic Membrane I 
        2, Trajectory Analysis 
        2, Torpedoes 
        2, Mining Barge 
        2, High Speed Maneuvering 
        2, Scrapmetal Processing 
        2, Astrogeology 
        2, Small 'Notos' Explosive Charge I 
        2, Occult Ship Data Interface Blueprint 
        2, Taranis 
        2, Inner Zone Shipping Imicus 
        2, Connections 
        2, Proteus Offensive - Covert Reconfiguration 
        2, Large Hybrid Turret 
        2, Survey 
        2, Propulsion Jamming 
        2, Muninn 
        2, Modal Light Neutron Particle Accelerator I 
        2, Small Semiconductor Memory Cell I 
        2, Skirmish Warfare Link - Interdiction Maneuvers I 
        2, Astarte 
        2, 20th Tier Overseer's Personal Effects 
        2, Cryptic Attainment 
        2, Cryptic Ship Data Interface Blueprint 
        2, Impetus Console 
        2, Cryptic Tuner Data Interface Blueprint 
        2, Optimized Cryptic Attainment 
        2, True Sansha Energized Explosive Membrane 
        2, Limited Layered Plating I 
        2, Loki Electronics - Emergent Locus Analyzer 
        2, Loki Propulsion - Interdiction Nullifier 
        2, Medium Inverted Signal Field Projector I 
        2, Small Azeotropic Ward Salubrity I 
        2, 200mm Reinforced Steel Plates I 
        2, Occult Attainment 
        2, Medium Warhead Flare Catalyst I 
        2, Pith A-Type Large Shield Booster 
        2, Dual Modal Heavy Laser I 
        2, Gamma L 
        2, Large Rudimentary Concussion Bomb I 
        2, Heavy Afocal Pulse Maser I 
        2, ECCM - Magnetometric I 
        2, Corpse Female 
        2, Proteus Propulsion - Localized Injectors 
        2, Proteus Engineering - Power Core Multiplier 
        2, Kernite Mining Crystal I Blueprint 
        2, Upgraded Energized Thermic Membrane I 
        2, Gate Key 
        2, Zbikoki's Hacker Card 
        2, Medium Anti-EM Screen Reinforcer I Blueprint 
        2, Medium Core Defense Field Extender I Blueprint 
        2, Medium Anti-Kinetic Screen Reinforcer I Blueprint 
        2, Medium Ice Harvester Accelerator I Blueprint 
        2, Medium Ancillary Shield Booster Blueprint 
        2, Torpedo Launcher I Blueprint 
        2, Minmatar Fuel Block Blueprint 
        2, Antimatter Charge L Blueprint 
        2, Damage Control I Blueprint 
        2, Medium Anti-Thermal Screen Reinforcer I Blueprint 
        2, Rifter Blueprint 
        2, Angel Platinum Tag 
        2, Mobile Tractor Unit Blueprint 
        2, Targeting Range Script Blueprint 
        2, Drone Damage Amplifier I Blueprint 
        2, Valkyrie TP-600 
        2, Einherji Blueprint 
        2, Large Ancillary Shield Booster Blueprint 
        2, Khanid Navy Ballistic Control System 
        2, Legion Electronics - Dissolution Sequencer 
        2, Legion Offensive - Assault Optimization 
        2, Small 'Gremlin' Power Core Disruptor I 
        2, 'Orion' Tracking CPU I 
        2, Antimatter Charge S Blueprint 
        2, 'Deluge' ECM Burst I 
        2, Supplemental Scanning CPU I 
        2, Medium Core Defense Operational Solidifier I 
        2, Quantum Co-Processor I 
        2, Sukuuvestaa Heron 
        2, Gist X-Type Shield Boost Amplifier 
        2, Core Probe Launcher II 
        2, Cormorant 
        2, Legion Engineering - Capacitor Regeneration Matrix 
        2, Pith X-Type Large Shield Booster 
        2, Reactor Control Unit I 
        2, X-Large Shield Booster II 
        2, Medium Ionic Field Projector I 
        2, Medium Clarity Ward Booster I 
        2, Sigil 
        2, Small Railgun Battery 
        2, Medium Railgun Battery 
        2, Stiletto 
        2, ECCM - Omni II 
        2, Medium 'Notos' Explosive Charge I 
        2, Limited Kinetic Deflection Field I 
        2, 6x2500mm Repeating Cannon I 
        2, Armored Warfare Link - Passive Defense I 
        2, Upgraded Layered Plating I 
        2, Mobile Medium Warp Disruptor I 
        2, Connected Remote Sensor Booster 
        2, Compressed Gneiss Blueprint 
        2, Compressed Pyroxeres Blueprint 
        2, Compressed Radiant Hemorphite Blueprint 
        2, Compressed Crokite Blueprint 
        2, Compressed Massive Scordite Blueprint 
        2, Compressed Omber Blueprint 
        2, Compressed Glare Crust Blueprint 
        2, Compressed Arkonor Blueprint 
        2, Compressed Hemorphite Blueprint 
        2, Compressed Solid Pyroxeres Blueprint 
        2, Compressed Veldspar Blueprint 
        2, Compressed Gelidus Blueprint 
        2, Compressed Scordite Blueprint 
        2, Compressed Dense Veldspar Blueprint 
        2, Compressed Hedbergite Blueprint 
        2, Compressed Plagioclase Blueprint 
        2, Compressed Vivid Hemorphite Blueprint 
        2, Compressed Condensed Scordite Blueprint 
        2, Compressed Bistot Blueprint 
        2, Compressed Spodumain Blueprint 
        2, Compressed Dark Ochre Blueprint 
        2, Compressed Kernite Blueprint 
        2, Compressed Enriched Clear Icicle Blueprint 
        2, Compressed Viscous Pyroxeres Blueprint 
        2, Compressed Jaspet Blueprint 
        2, Compressed Concentrated Veldspar Blueprint 
        2, Medium Polycarbon Engine Housing I 
        2, Beta Reactor Control: Shield Power Relay I 
        2, Prototype ECCM Gravimetric Sensor Cluster 
        2, Large Capacitor Control Circuit II 
        2, Mining Laser Upgrade II Blueprint 
        2, Strip Miner I Blueprint 
        2, Dread Guristas Copper Tag 
        2, Shadow Serpentis Copper Tag 
        2, Coreli A-Type Explosive Plating 
        2, Stolen Passkey 
        2, Freedom of Operation License 
        2, Ion Field Projection Battery 
        1, Michi's Excavation Augmentor 
        1, Small Hybrid Burst Aerator II 
        1, Federation Navy Energized Adaptive Nano Membrane 
        1, 250mm Light Gallium Cannon 
        1, Zainou 'Beancounter' Science SC-803 
        1, Zainou 'Beancounter' Metallurgy MY-703 
        1, Sansha Energy Neutralizing Battery Blueprint 
        1, Insulated Stabilizer Array I 
        1, 'Greaves' Medium Armor Repairer I 
        1, Capacitor Flux Coil I 
        1, Gistum C-Type EM Ward Amplifier 
        1, Zainou 'Gnome' Shield Upgrades SU-603 
        1, Pithum C-Type Kinetic Deflection Amplifier 
        1, Small Murky Remote Shield Booster 
        1, Civilian Small Remote Shield Booster 
        1, 'Repose' Core Compensation 
        1, Omen Navy Issue 
        1, Medium Energy Burst Aerator I 
        1, Oneiros 
        1, Anshar 
        1, 125mm Prototype Gauss Gun 
        1, Legion Offensive - Covert Reconfiguration 
        1, Legion Engineering - Power Core Multiplier 
        1, Imperial Navy Slicer 
        1, Minmatar Encounter Surveillance System 
        1, Phased Muon ECCM Caster I 
        1, Corpum C-Type Medium Remote Capacitor Transmitter 
        1, Snake Alpha 
        1, Zainou 'Gypsy' Long Range Targeting LT-803 
        1, Snake Beta 
        1, Zainou 'Gypsy' Electronics Upgrades EU-603 
        1, Eifyr and Co. 'Gunslinger' Surgical Strike SS-904 
        1, Eifyr and Co. 'Gunslinger' Large Projectile Turret LP-1004 
        1, Snake Gamma 
        1, Snake Delta 
        1, Experimental Armor Thermic Hardener I 
        1, Zainou 'Gnome' Shield Emission Systems SE-803 
        1, Single-crystal Superalloy I-beam 
        1, 250mm Light Carbine Howitzer I 
        1, Tachyon Anode Particle Stream I 
        1, Blood Radio M 
        1, Quad Anode Light Particle Stream I 
        1, Large Core Defense Field Purger II 
        1, Large Core Defense Field Extender II 
        1, Medium Hull Repairer I 
        1, Curse 
        1, Esoteric Augmentation 
        1, Esoteric Symmetry 
        1, Esoteric Process 
        1, Esoteric Parity 
        1, Tengu Propulsion - Gravitational Capacitor 
        1, ECCM - Ladar II 
        1, Experimental Energized Armor Layering Membrane I 
        1, Sansha Medium Beam Laser Battery Blueprint 
        1, Inherent Implants 'Squire' Energy Management EM-801 
        1, Eifyr and Co. 'Gunslinger' Motion Prediction MR-701 
        1, Secure Radar Backup Cluster I 
        1, Poteque 'Prospector' Astrometric Rangefinding AR-806 
        1, Poteque 'Prospector' Environmental Analysis EY-1005 
        1, Loki Propulsion - Fuel Catalyst 
        1, Experimental Armor EM Hardener I 
        1, Initiated Multispectral ECM I 
        1, Proof of Discovery: Anomalies 
        1, Infrared S Blueprint 
        1, Tormentor Blueprint 
        1, Supplemental Screen Generator I 
        1, Muon Coil Bolt Array I 
        1, Large Azeotropic Ward Salubrity I 
        1, Medium Processor Overclocking Unit II 
        1, Poteque 'Prospector' Salvaging SV-905 
        1, Low-grade Slave Delta 
        1, Eifyr and Co. 'Rogue' Warp Drive Speed WS-605 
        1, Low-grade Slave Alpha 
        1, Eifyr and Co. 'Rogue' Navigation NN-603 
        1, Passive Targeter I 
        1, 'Abandon' Tracking Disruptor I 
        1, R.A.M.- Starship Tech 
        1, R.A.M.- Weapon Tech 
        1, Gistum B-Type Medium Shield Booster 
        1, 'Ditch' Medium Energy Neutralizer I 
        1, Passive Targeter II 
        1, Ship Scanner I 
        1, Prototype Sensor Booster 
        1, Beta Hull Mod Overdrive Injector 
        1, Small Liquid Cooled Electronics I 
        1, True Sanshas Radio S 
        1, Kinetic Deflection Amplifier I 
        1, Medium Core Defense Charge Economizer I 
        1, Thermic Dissipation Amplifier I 
        1, Fenrir 
        1, Imperial Navy Heavy Nosferatu 
        1, Gist X-Type X-Large Shield Booster 
        1, Republic Fleet Tracking Enhancer 
        1, Large Anti-EM Screen Reinforcer II 
        1, Large Core Defense Capacitor Safeguard II 
        1, Pithum A-Type Adaptive Invulnerability Field 
        1, True Sansha Heavy Energy Neutralizer 
        1, Loki Defensive - Adaptive Augmenter 
        1, Loki Electronics - Immobility Drivers 
        1, Centum B-Type Energized Kinetic Membrane 
        1, Centum C-Type Energized Explosive Membrane 
        1, Loki Propulsion - Intercalated Nanofibers 
        1, Vindicator 
        1, Corpus A-Type Armor Explosive Hardener 
        1, Gist C-Type 100MN Microwarpdrive 
        1, Large Nanobot Accelerator I 
        1, Corpus A-Type Armor Kinetic Hardener 
        1, Improved Exile Booster 
        1, Corpus A-Type Armor Thermic Hardener 
        1, Corpum B-Type Energized Adaptive Nano Membrane 
        1, Large Auxiliary Nano Pump II 
        1, 125mm Compressed Coil Gun I 
        1, Pith A-Type X-Large Shield Booster 
        1, Dread Guristas Thermic Dissipation Field 
        1, Scorpion Navy Issue 
        1, Kernite Processing 
        1, Hemorphite Processing 
        1, Large Beam Laser Specialization 
        1, Nova Heavy Missile Blueprint 
        1, Medium Beam Laser Specialization 
        1, Jaspet Processing 
        1, Large Pulse Laser Specialization 
        1, Inherent Implants 'Noble' Repair Systems RS-605 
        1, Eifyr and Co. 'Gunslinger' Surgical Strike SS-905 
        1, Eifyr and Co. 'Gunslinger' Motion Prediction MR-703 
        1, Inherent Implants 'Squire' Energy Management EM-805 
        1, Eifyr and Co. 'Gunslinger' Medium Projectile Turret MP-803 
        1, Small Warhead Flare Catalyst I 
        1, Micro 'Vigor' Core Augmentation 
        1, Medium Anti-Explosive Screen Reinforcer II 
        1, Imperial Navy Midshipman Insignia II 
        1, Tribal Sponsorship 
        1, Zainou 'Beancounter' Industry BX-802 
        1, Upgraded Armor Explosive Hardener I 
        1, Prototype Armor Explosive Hardener I 
        1, Experimental Energized Thermic Membrane I 
        1, Mark I Generator Refitting: Capacitor Power Relay 
        1, Medium Neutron Saturation Injector I 
        1, Prowler 
        1, Missile Launcher Operation 
        1, Large Low Friction Nozzle Joints I 
        1, Large Auxiliary Thrusters I 
        1, Vherokior Probe 
        1, Nereus 
        1, Alumel Magnetometric ECCM Sensor Array I 
        1, Experimental Armor Kinetic Hardener I 
        1, Thermal Exhaust System I 
        1, Tengu Engineering - Power Core Multiplier 
        1, Caracal Navy Issue 
        1, Large Inefficient Armor Repair Unit 
        1, Focused Anode Medium Particle Stream I 
        1, Heavy Tapered Capacitor Infusion I 
        1, Medium Mercoxit Mining Crystal Optimization I 
        1, Impel 
        1, Mining Foreman Mindlink 
        1, Sanshas Radio M 
        1, True Sansha Brass Tag 
        1, Skirmish Warfare Link - Interdiction Maneuvers II 
        1, True Sansha Stasis Webifier 
        1, Domination Warp Scrambler 
        1, Large Automated Structural Restoration 
        1, Limited Kinetic Plating I 
        1, Medium Hull Repairer II 
        1, Large Ancillary Armor Repairer 
        1, Civilian Mining Drone 
        1, Small Core Defense Operational Solidifier I 
        1, Medium Projectile Collision Accelerator II 
        1, Heavy 'Knave' Energy Drain 
        1, Medium Dynamic Fuel Valve I 
        1, Shadow Serpentis Warp Disruptor 
        1, Dark Blood Armor Explosive Hardener 
        1, Limited Light Neutron Blaster I 
        1, Raptor 
        1, Mobile Micro Jump Unit 
        1, Zainou 'Beancounter' Metallurgy MY-701 
        1, Moros 
        1, Large Hybrid Locus Coordinator II 
        1, Capital Hybrid Metastasis Adjuster II 
        1, Revelation 
        1, Capital Energy Metastasis Adjuster II 
        1, Siege Module I 
        1, Large Energy Locus Coordinator II 
        1, Paladin 
        1, Small 'Vehemence' Shockwave Charge 
        1, Sanshas Microwave S 
        1, 'Scarab' Layered Plating I 
        1, Eifyr and Co. 'Gunslinger' Large Projectile Turret LP-1003 
        1, Medium Ancillary Current Router II 
        1, 'Deuce' Co-Processor I 
        1, Explosive Deflection Field I 
        1, Auto-Gain Control Tracking Enhancer I 
        1, Domination Copper Tag 
        1, Small Remote Armor Repairer I 
        1, Gallente Battlecruiser 
        1, Shadow Serpentis Adaptive Nano Plating 
        1, Imperial Navy Armor Thermic Hardener 
        1, Imperial Navy Armor Kinetic Hardener 
        1, Imperial Navy Armor EM Hardener 
        1, Energized Armor Layering Membrane II 
        1, Women's 'Structure' Dress (black/white) 
        1, Inherent Implants 'Noble' Remote Armor Repair Systems RA-703 
        1, Imperial Navy Armor Explosive Hardener 
        1, Jump Portal Generation 
        1, Capital Remote Armor Repair Systems 
        1, Damnation 
        1, Small Focused Anode Particle Stream I 
        1, Prototype Energized Armor Layering Membrane I 
        1, Ship Scanner II 
        1, Zainou 'Beancounter' Refining RX-801 
        1, Mercoxit Mining Crystal II 
        1, 'Pandemonium' Ballistic Enhancement 
        1, Capital Capacitor Control Circuit II 
        1, Triage Module II 
        1, Phobos 
        1, Limited 'Limos' Rapid Light Missile Launcher 
        1, Minmatar Control Tower Small 
        1, Small Anti-Kinetic Pump I 
        1, Large Sentry Damage Augmentor I 
        1, Armor Resistance Phasing 
        1, Explosive Armor Compensation 
        1, Radar Sensor Compensation 
        1, Scordite Processing 
        1, Ladar Sensor Compensation 
        1, Medium Projectile Turret 
        1, Missile Projection 
        1, Basic Energized Adaptive Nano Membrane 
        1, Cruise Missiles 
        1, EM Armor Compensation 
        1, Kinetic Armor Compensation 
        1, Magnetometric Sensor Compensation 
        1, Medium Energy Turret 
        1, Thermic Armor Compensation 
        1, Veldspar Processing 
        1, Guided Missile Precision 
        1, Medium 'Hope' Hull Reconstructor I 
        1, Civilian Explosive Deflection Field 
        1, Sansha Small Beam Laser Battery Blueprint 
        1, Eifyr and Co. 'Gunslinger' Small Projectile Turret SP-603 
        1, Small Artillery Specialization 
        1, Heavy Missile Launcher I 
        1, Civilian Damage Control 
        1, Civilian Warp Disruptor 
        1, Salvage Drone Operation 
        1, Criminal Connections 
        1, 125mm Light Carbine Repeating Cannon I 
        1, Limited Light Ion Blaster I 
        1, Proteus Propulsion - Interdiction Nullifier 
        1, Proteus Electronics - Emergent Locus Analyzer 
        1, Scourge Rocket Blueprint 
        1, Large Blaster Specialization 
        1, Gunnery 
        1, Refining 
        1, Information Warfare Link - Recon Operation I 
        1, Skirmish Warfare Link - Evasive Maneuvers I 
        1, Skirmish Warfare Link - Rapid Deployment I 
        1, Medium Hybrid Collision Accelerator II 
        1, Upgraded Armor EM Hardener I 
        1, Gist C-Type X-Large Shield Booster 
        1, Gist B-Type 100MN Afterburner 
        1, 21st Tier Overseer's Personal Effects 
        1, Gist C-Type Explosive Deflection Field 
        1, Machariel Blueprint 
        1, Domination Medium Armor Repairer 
        1, True Sansha Medium Armor Repairer 
        1, Zainou 'Deadeye' Rapid Launch RL-1005 
        1, Zainou 'Deadeye' Target Navigation Prediction TN-905 
        1, Zainou 'Gypsy' Electronics EE-605 
        1, Zainou 'Deadeye' Missile Projection MP-705 
        1, Cynosural Field Theory 
        1, Dark Blood Warp Scrambler 
        1, Armored Warfare Link - Damage Control I 
        1, 400mm Reinforced Steel Plates II 
        1, Tachyon Modal Laser I 
        1, Energized Explosive Membrane I 
        1, Experimental Energized EM Membrane I 
        1, Energized Thermic Membrane I 
        1, Medium Capacitor Booster I 
        1, 250mm Carbide Railgun I 
        1, DNA Sample 
        1, Medium Energy Metastasis Adjuster I 
        1, Republic Fleet Midshipman Insignia III 
        1, 'Penumbra' White Noise ECM 
        1, Indirect Target Acquisition I 
        1, Large Hybrid Metastasis Adjuster I 
        1, Large Targeting System Subcontroller I 
        1, Tobacco 
        1, Spirits 
        1, Large 'Hope' Hull Reconstructor I 
        1, Local Hull Conversion Reinforced Bulkheads I 
        1, Type-D Power Core Modification: Capacitor Flux 
        1, Dual Anode Heavy Particle Stream I 
        1, Limited EM Plating I 
        1, Medium Hybrid Collision Accelerator I 
        1, Large Ionic Field Projector I 
        1, Inherent Implants 'Squire' Energy Grid Upgrades EU-703 
        1, Zainou 'Deadeye' Rapid Launch RL-1003 
        1, Scan Rangefinding Array II 
        1, Dark Blood Energized Adaptive Nano Membrane 
        1, Shadow Serpentis Armor EM Hardener 
        1, Prototype Energized EM Membrane I 
        1, Shadow Serpentis Energized EM Membrane 
        1, True Sansha Energized Thermic Membrane 
        1, Small Energy Neutralizer I 
        1, Capital Murky Remote Shield Booster 
        1, Light Armor Maintenance Bot I Blueprint 
        1, Mobile Depot Blueprint 
        1, Scourge Fury Heavy Missile Blueprint 
        1, Siege Warfare Link - Shield Efficiency II 
        1, Scourge Fury Cruise Missile Blueprint 
        1, Salvager I Blueprint 
        1, Hornet EC-300 Blueprint 
        1, Venture Blueprint 
        1, Incursus Blueprint 
        1, Oceanic Command Center 
        1, Survey Scanner I Blueprint 
        1, Intact Shield Emitter 
        1, Lockbreaker Bomb Blueprint 
        1, Maulus Blueprint 
        1, Punisher Blueprint 
        1, Probe Blueprint 
        1, Siege Warfare Link - Shield Efficiency I Blueprint 
        1, Vespa EC-600 Blueprint 
        1, Inquisitor Blueprint 
        1, Depleted Uranium L Blueprint 
        1, Titanium Sabot L Blueprint 
        1, Angel Brass Tag 
        1, Medium Armor Maintenance Bot I Blueprint 
        1, Large Trimark Armor Pump I Blueprint 
        1, Medium Anti-Explosive Screen Reinforcer I Blueprint 
        1, Condor Blueprint 
        1, Proton L Blueprint 
        1, Fedo 
        1, Medium Anti-Explosive Pump I Blueprint 
        1, Medium Shield Maintenance Bot I Blueprint 
        1, Domination Diamond Tag 
        1, Small Tractor Beam I Blueprint 
        1, Salvage Drone I Blueprint 
        1, Optimal Range Script Blueprint 
        1, Nuclear M Blueprint 
        1, Small Anti-Thermal Screen Reinforcer I Blueprint 
        1, Light Shield Maintenance Bot I Blueprint 
        1, Optimal Range Disruption Script Blueprint 
        1, Depleted Uranium M Blueprint 
        1, Medium Gravity Capacitor Upgrade I Blueprint 
        1, Power Conduit 
        1, ECCM - Magnetometric II 
        1, Gyrostabilizer I Blueprint 
        1, Large Core Defense Field Extender I Blueprint 
        1, Cap Booster 800 Blueprint 
        1, Domination Crystal Tag 
        1, Siege Warfare Link - Shield Harmonizing II 
        1, Warp Core Stabilizer I Blueprint 
        1, Siege Warfare Link - Shield Harmonizing I Blueprint 
        1, Scan Resolution Dampening Script Blueprint 
        1, Small Polycarbon Engine Housing I Blueprint 
        1, Templar Blueprint 
        1, Mining Foreman Link - Laser Optimization I Blueprint 
        1, Proton M Blueprint 
        1, Large Auxiliary Nano Pump I Blueprint 
        1, Large Capacitor Control Circuit I Blueprint 
        1, Tristan Blueprint 
        1, True Sansha Armor Explosive Hardener 
        1, Pilgrim 
        1, Ferox 
        1, Loki Defensive - Amplification Node 
        1, Inherent Implants 'Yeti' Ice Harvesting IH-1005 
        1, Conjunctive Gravimetric ECCM Scanning Array I 
        1, Storm Command Center 
        1, Lava Command Center 
        1, 280mm Prototype Siege Cannon 
        1, Small Focused Anode Pulse Particle Stream I 
        1, Dark Blood Medium Armor Repairer 
        1, Core A-Type 100MN Afterburner 
        1, Centus A-Type Armor Thermic Hardener 
        1, Medium Anti-EM Pump II 
        1, Legion Engineering - Supplemental Coolant Injector 
        1, Legion Defensive - Nanobot Injector 
        1, Medium Nanobot Accelerator II 
        1, Legion Propulsion - Fuel Catalyst 
        1, Large Warhead Rigor Catalyst I Blueprint 
        1, Small Peroxide Capacitor Power Cell 
        1, Pith B-Type Large Shield Booster 
        1, Zainou 'Deadeye' Target Navigation Prediction TN-903 
        1, Inherent Implants 'Highwall' Mining Upgrades MU-1001 
        1, Iridium Charge S Blueprint 
        1, Reverse Engineering 
        1, Tungsten Charge L Blueprint 
        1, Iron Charge M Blueprint 
        1, Esoteric Data Interface 
        1, Uranium Charge S Blueprint 
        1, Iridium Charge M Blueprint 
        1, Thorium Charge M Blueprint 
        1, Lead Charge S Blueprint 
        1, Advanced Laboratory Operation 
        1, Tungsten Charge M Blueprint 
        1, Amarr Shuttle Blueprint 
        1, Iron Charge S Blueprint 
        1, Antimatter Charge M Blueprint 
        1, Caldari Propulsion Systems 
        1, Exhumers 
        1, Thorium Charge S Blueprint 
        1, Industrial Reconfiguration 
        1, Uranium Charge M Blueprint 
        1, Plutonium Charge M Blueprint 
        1, Tungsten Charge S Blueprint 
        1, 30 Day Pilot's License Extension (PLEX) 
        1, Lead Charge L Blueprint 
        1, Iron Charge L Blueprint 
        1, Deep Core Mining 
        1, Iridium Charge L Blueprint 
        1, Thorium Charge L Blueprint 
        1, Plutonium Charge S Blueprint 
        1, Lead Charge M Blueprint 
        1, 125mm 'Scout' Accelerator Cannon 
        1, Republic Fleet 10MN Afterburner 
        1, Dread Guristas Shield Boost Amplifier 
        1, Pithi A-Type Small Shield Booster 
        1, Gila 
        1, Golem 
        1, Men's 'Sterling' Dress Shirt (navy) 
        1, Dark Blood Medium Nosferatu 
        1, Hull Tanking, Elite 
        1, Caldari Navy Cloaking Device 
        1, Synth Drop Booster 
        1, Covert Jump Portal Generator I 
        1, ECM - Multispectral Jammer I 
        1, Component Assembly Array 
        1, Amarr Control Tower Medium 
        1, Corelum C-Type Energized Thermic Membrane 
        1, Legion Offensive - Liquid Crystal Magnifiers 
        1, Legion Defensive - Adaptive Augmenter 
        1, Centum C-Type Energized EM Membrane 
        1, Medium Capacitor Battery II 
        1, Legion Propulsion - Wake Limiter 
        1, Strong Drop Booster 
        1, Eris 
        1, Dark Blood Adaptive Nano Plating 
        1, Mark I Generator Refitting: Capacitor Flux 
        1, Medium Polycarbon Engine Housing II 
        1, Large Warhead Flare Catalyst I 
        1, Mega Afocal Maser I 
        1, Large Murky Remote Capacitor Transmitter 
        1, Upgraded Explosive Plating I 
        1, Small Plasma Smartbomb II 
        1, Thermic Plating II 
        1, Small 'Siesta' Capacitor Booster 
        1, Shadow Serpentis 10MN Afterburner 
        1, Typhoon 
        1, Dramiel 
        1, Initiated Signal Distortion Amplifier I 
        1, Protected Magnetometric Backup Cluster I 
        1, X-Large Neutron Saturation Injector I 
        1, Upgraded Kinetic Deflection Amplifier I 
        1, Reserve Magnetometric Scanners 
        1, Surrogate LADAR Reserve Array I 
        1, Large Asymmetric Remote Shield Booster 
        1, Surrogate Gravimetric Reserve Array I 
        1, Experimental SV-2000 Rapid Light Missile Launcher 
        1, Large Subordinate Screen Stabilizer I 
        1, F-43 Repetitive Gravimetric Backup Sensors 
        1, 'Limos' Rapid Heavy Missile Launcher I 
        1, Large Neutron Saturation Injector I 
        1, Supplemental Gravimetric ECCM Scanning Array I 
        1, Guristas Palladium Tag 
        1, Tengu Propulsion - Interdiction Nullifier 
        1, Tengu Defensive - Adaptive Shielding 
        1, 100mm Reinforced Steel Plates II 
        1, Pax Amarria 
        1, 'Wetu' Mobile Depot 
        1, Small Ancillary Armor Repairer Blueprint 
        1, Medium Hydraulic Bay Thrusters I 
        1, Advanced Mobile Laboratory 
        1, Remote Sensor Dampener II 
        1, Ark 
        1, Regulated Light Electron Phase Cannon I 
        1, Reports 
        1, Small Blaster Battery 
        1, Domination Medium Shield Booster 
        1, Medium Hydraulic Bay Thrusters II 
        1, Medium Rocket Fuel Cache Partition II 
        1, 5a Prototype Shield Support I 
        1, Medium Freight Container 
        1, Jaguar 
        1, Small Anti-Kinetic Screen Reinforcer I 
        1, Small Anti-Explosive Screen Reinforcer I 
        1, Angel Palladium Tag 
        1, Caldari Battleship 
        1, Caldari Battlecruiser 
        1, Caldari Cruiser 
        1, Caldari Destroyer 
        1, Carpo Mining Laser Upgrade 
        1, Skiff 
        1, Diplomacy 
        1, Fast Talk 
        1, Transaction And Salary Logs 
        1, Scan Pinpointing Array II 
        1, Medium Coaxial Remote Armor Repairer 
        1, Chimera 
        1, Infiltrator EV-600 
        1, Caldari Control Tower Medium 
        1, Naglfar 
        1, Triage Module I 
        1, Shield Flux Coil II 
        1, Large Freight Container 
        1, Repair Drone Operation 
        1, Small Focused Afocal Maser I 
        1, Centii A-Type Kinetic Plating 
        1, Command Relay Key 
        1, 6th Tier Overseer's Personal Effects 
        1, Centii A-Type Thermic Plating 
        1, Mark I Modified SS Inertial Stabilizers 
        1, Prototype ECCM Omni Sensor Cluster 
        1, Shielded Ladar Backup Cluster I 
        1, Mobile Cynosural Inhibitor 
        1, Corelum C-Type 10MN Microwarpdrive 
        1, Mining Foreman Link - Laser Optimization I 
        1, Mining Foreman Link - Mining Laser Field Enhancement I 
        1, Amarr Control Tower Small 
        1, Secure Ladar Backup Cluster I 
        1, Exequror Navy Issue 
        1, Synth Exile Booster 
        1, Medium Anti-Explosive Pump II 
        1, Mining 
        1, Mining Laser Upgrade I Blueprint 
        1, Type-D Power Core Modification: Capacitor Power Relay 
        1, Ashimmu 
        1, Inherent Implants 'Squire' Engineering EG-602 
        1, X-Large Shield Booster I 
        1, Thermodynamics 
        1, Compressed Golden Omber Blueprint 
        1, Compressed Blue Ice Blueprint 
        1, Compressed Glazed Hedbergite Blueprint 
        1, Caldari Fuel Block Blueprint 
        1, Compressed Fiery Kernite Blueprint 
        1, Compressed Gleaming Spodumain Blueprint 
        1, Compressed Clear Icicle Blueprint 
        1, Compressed White Glaze Blueprint 
        1, Compressed Mercoxit Blueprint 
        1, Compressed Pure Jaspet Blueprint 
        1, Compressed Bright Spodumain Blueprint 
        1, Amarr Fuel Block Blueprint 
        1, Compressed Sharp Crokite Blueprint 
        1, Compressed Onyx Ochre Blueprint 
        1, Compressed Krystallos Blueprint 
        1, Compressed Iridescent Gneiss Blueprint 
        1, Compressed Silvery Omber Blueprint 
        1, Compressed Rich Plagioclase Blueprint 
        1, Compressed Pristine Jaspet Blueprint 
        1, Compressed Pristine White Glaze Blueprint 
        1, Compressed Vitric Hedbergite Blueprint 
        1, Compressed Triclinic Bistot Blueprint 
        1, Compressed Vitreous Mercoxit Blueprint 
        1, Medium Mercoxit Mining Crystal Optimization I Blueprint 
        1, Compressed Obsidian Ochre Blueprint 
        1, Compressed Glacial Mass Blueprint 
        1, Gallente Fuel Block Blueprint 
        1, Compressed Thick Blue Ice Blueprint 
        1, Compressed Magma Mercoxit Blueprint 
        1, Caldari Shuttle Blueprint 
        1, Compressed Crimson Arkonor Blueprint 
        1, Compressed Prismatic Gneiss Blueprint 
        1, Compressed Azure Plagioclase Blueprint 
        1, Stasis Webifier I Blueprint 
        1, Compressed Monoclinic Bistot Blueprint 
        1, Compressed Smooth Glacial Mass Blueprint 
        1, Compressed Prime Arkonor Blueprint 
        1, Compressed Crystalline Crokite Blueprint 
        1, Compressed Luminous Kernite Blueprint 
        1, Large F-4a Ld-Sulfate Capacitor Charge Unit 
        1, Small Hyperspatial Velocity Optimizer II 
        1, Small Low Friction Nozzle Joints II 
        1, Low-grade Crystal Beta 
        1, Pithum C-Type Medium Remote Shield Booster 
        1, Large Murky Remote Shield Booster 
        1, Medium Energy Ambit Extension I 
        1, Kryos 
        1, Rook 
        1, Small Energy Discharge Elutriation I 
        1, Auto Targeting System I 
        1, Republic Fleet Medium Shield Extender 
        1, Zealot 
        1, True Sansha Kinetic Plating 
        1, Type-D Attenuation Signal Augmentation 
        1, E50 Prototype Energy Vampire 
        1, Surrogate Multi-Frequency Reserve Array I 
        1, 250mm 'Scout' Accelerator Cannon 
        1, F-12 Nonlinear Tracking Processor 
        1, Protected Gravimetric Backup Cluster I 
        1, F-42 Reiterative LADAR Backup Sensors 
        1, Bellicose 
        1, Gistum B-Type 10MN Microwarpdrive 
        1, Armor Thermic Hardener I 
        1, Armor Kinetic Hardener I 
        1, Prototype Energized Kinetic Membrane I 
        1, True Sansha Energized Kinetic Membrane 
        1, Keres 
        1, Medium Graviton Smartbomb II 
        1, Medium Proton Smartbomb II 
        1, Medium Plasma Smartbomb II 
        1, Gravimetric Backup Array II 
        1, Imperial Navy Heavy Energy Neutralizer 
        1, Navitas Blueprint 
        1, Mining Drone I Blueprint 
        1, Dark Ochre Mining Crystal I Blueprint 
        1, Mercoxit Mining Crystal I Blueprint 
        1, Veldspar Mining Crystal I Blueprint 
        1, Crokite Mining Crystal I Blueprint 
        1, Hedbergite Mining Crystal I Blueprint 
        1, Spodumain Mining Crystal I Blueprint 
        1, Plagioclase Mining Crystal I Blueprint 
        1, Gneiss Mining Crystal I Blueprint 
        1, Bistot Mining Crystal I Blueprint 
        1, Omber Mining Crystal I Blueprint 
        1, Scordite Mining Crystal I Blueprint 
        1, Jaspet Mining Crystal I Blueprint 
        1, Arkonor Mining Crystal I Blueprint 
        1, Pyroxeres Mining Crystal I Blueprint 
        1, Hemorphite Mining Crystal I Blueprint 
        1, Enormous Freight Container 
        1, Sentry Drone Interfacing 
        1, Heavy Drone Operation 
        1, Drone Interfacing 
        1, Zainou 'Beancounter' Refining RX-804 
        1, Heavy Missile Specialization 
        1, Medium Capacitor Battery I 
        1, Regulated Light Ion Phase Cannon I 
        1, Serpentis Copper Tag 
        1, Tormentor 
        1, Remote Sensor Dampener I 
        1, Eifyr and Co. 'Gunslinger' Surgical Strike SS-901 
        1, Inherent Implants 'Lancer' Controlled Bursts CB-701 
        1, Zainou 'Deadeye' Medium Hybrid Turret MH-803 
        1, Loki Engineering - Augmented Capacitor Reservoir 
        1, Loki Propulsion - Chassis Optimization 
        1, Coreli A-Type Kinetic Plating 
        1, Pithum A-Type Thermic Dissipation Amplifier 
        1, Coreli A-Type 1MN Afterburner 
        1, Pithum B-Type Kinetic Deflection Amplifier 
        1, Pithi C-Type Small Shield Booster 
        1, Corelum C-Type Energized Explosive Membrane 
        1, Corelum C-Type Energized Kinetic Membrane 
        1, Shadow Serpentis Energized Thermic Membrane 
        1, Interior Type-E Cargo Identifier 
        1, Corelum C-Type Energized EM Membrane 
        1, Shadow Serpentis Stasis Webifier 
        1, Mining Frigate 
        1, Drones 
        1, Rapid Firing 
        1, Cybernetics 
        1, Remote Armor Repair Systems 
        1, Weapon Upgrades 
        1, Sharpshooter 
        1, Vexor Navy Issue 
        1, Medium Drone Scope Chip I 
        1, Sansha Crystal Tag 
        1, Dual Heavy Modal Pulse Laser I 
        1, Gistii A-Type 1MN Afterburner 
        1, Small 'Solace' Remote Armor Repairer 
        1, Medium Drone Durability Enhancer I 
        1, Dark Blood Explosive Plating 
        1, Brutix Navy Issue 
        1, Dark Blood Heavy Capacitor Booster 
        1, Basic Adaptive Nano Plating 
        1, Medium Drone Speed Augmentor I 
        1, Inherent Implants 'Lancer' Small Energy Turret SE-603 
        1, Dual 150mm Railgun I 
        1, Ishkur 
        1, Scattering ECCM Projector I 
        1, Tracking Disruptor I 
        1, Kinetic Plating II 
        1, 'Gloom' White Noise ECM 
        1, White Noise Generation Battery 
